ID,Nombre de la Unidad Económica,Razón social,Código de la clase de actividad SCIAN,Nombre de clase de la actividad,Automotriz,Descripcion estrato personal ocupado,Tipo de vialidad,Nombre de la vialidad,Tipo de entre vialidad 1,Nombre de entre vialidad 1,Tipo de entre vialidad 2,Nombre de entre vialidad 2,Tipo de entre vialidad 3,Nombre de entre vialidad 3,Número exterior o kilómetro,Letra exterior,Edificio,Edificio Piso,Número interior,Letra interior,Tipo de asentamiento humano,Nombre de asentamiento humano,Tipo centro comercial,"Corredor industrial, centro comercial o mercado público",Número de local,Código Postal,Clave entidad,Entidad federativa,Clave municipio,Municipio,Clave localidad,Localidad,Área geoestadística básica ,Manzana,Número de teléfono,Correo electrónico,Sitio en Internet,Tipo de establecimiento,Latitud,Longitud,Fecha de incorporación al DENUE
1357680,AGUA HYDRA NATURA,,312112,Purificación y embotellado de agua,0,11 a 30 personas,AVENIDA,CONSTITUYENTES,CALLE,HENRRY DUNANT,PRIVADA,ALHELÍES,CALLE,ALHELÍES,702,A,,,,,COLONIA,ROSALINDA II,,,,38060,11,GUANAJUATO,7,CELAYA,1,Celaya,1690,24,4616151111,,,Fijo,20.51853473,-100.8397876,jul-10
6329532,"ARNIME, S.A. DE C.V.","ARNIME, S.A. DE C.V.",311422,Conservación de frutas y verduras por procesos distintos a la congelación y la deshidratación,0,101 a 250 personas,CARRETERA,CARRETERA FEDERAL LIBRE 51 CELAYA - VILLAGRÁN KILOMETROS 4200,CALLE,NINGUNO,CALLE,NINGUNO,,NINGUNO,0,SN,,,0,,FRACCIONAMIENTO,SANTA ELENA,,,,38110,11,GUANAJUATO,7,CELAYA,674,Ninguno [Balneario],71,800,4616110088,PERSONALARNIME@GMAIL.COM,WWW.ARNIME.COM,Fijo,20.49780834,-100.8400114,dic-14
6331220,BODEGA DE DISTRIBUCION DE HUEVO,BACHOCO SA DE CV,311110,Elaboración de alimentos para animales,0,11 a 30 personas,CALLE,CONCEPCIÓN BÉISTEGUI,CALLE,CONCEPCIÓN BÉISTEGUI,CALLE,EJE NOR-PONIENTE,CALLE,NINGUNO,0,SN,,,0,,COLONIA,NINGUNO,,,,38020,11,GUANAJUATO,7,CELAYA,1,Celaya,724,11,4611567983,,,Fijo,20.51984903,-100.8499341,jul-10
1349181,CAJETAS Y DULCES LA TRADICIONAL,,311340,"Elaboración de dulces, chicles y productos de confitería que no sean de chocolate",0,11 a 30 personas,AVENIDA,LICENCIADO BENITO JUÁREZ,CALLE,NICOLÁS BRAVO,BOULEVARD,ADOLFO LÓPEZ MATEOS,CALLE,ZARAGOZA,109,,,,111,,COLONIA,CENTRO,,,,38000,11,GUANAJUATO,7,CELAYA,1,Celaya,156,29,4616128706,,,Fijo,20.52060865,-100.8152685,jul-10
1244351,"CHAPERM, S. DE R.L. DE C.V.","CHAPERM, S. DE R.L. DE C.V.",315229,Confección en serie de otra ropa exterior de materiales textiles,0,11 a 30 personas,PRIVADA,DOCTOR FRANCISCO PAREDES,CALLE,MARIANO ABASOLO,AVENIDA,PROFESOR FRANCISCO JUÁREZ,CALLE,ALBINO GARCÍA,103,,,,,,COLONIA,TIERRAS NEGRAS,,,,38048,11,GUANAJUATO,7,CELAYA,1,Celaya,137,5,,,,Fijo,20.52443317,-100.8240067,dic-14
1347802,COMERCIAL DEL CENTRO LUCCA,"COMERCIAL DEL CENTRO LUCCA, S.A. DE C.V.",315223,Confección en serie de uniformes,0,11 a 30 personas,CALLE,GENERAL ORTEGA,CALLE,GENERAL E. ORTEGA,ANDADOR,DE NAYARIT,ANDADOR,DE NAYARIT,213,A,,,,,COLONIA,ALAMEDA,,,,38050,11,GUANAJUATO,7,CELAYA,1,Celaya,1239,33,4616129144,,,Fijo,20.53242557,-100.8053423,jul-10
6313302,"COMPANIA MANUFACTURA ASTURIAS, S.A. DE C.V.","COMPAÑÍA MANUFACTURA ASTURIAS, S.A. DE C.V.",311222,Elaboración de aceites y grasas vegetales comestibles,0,101 a 250 personas,,CARRETERA ESTATAL LIBRE CELAYA - SAN MIGUEL DE ALLENDE KILÓMETRO 9,,NINGUNO,,NINGUNO,,NINGUNO,0,SN,,,0,,,SAN ISIDRO DE LA CONCEPCIÓN,,,,38104,11,GUANAJUATO,7,CELAYA,7002,Localidad económica,14,800,4616188960,R.GALLARDO@LASTUR.COM.MX,,Fijo,20.63527773,-100.785,jul-10
1245685,CONFECCIONES MAYRA,,315192,Fabricación de ropa exterior de tejido de punto,0,11 a 30 personas,PRIVADA,LOS AZTECAS,CALLE,LEANDRO VALLE,CALLE,ABASOLO,CALLE,MARIANO JIMÉNEZ,12,,,,,,COLONIA,MARIANO JIMÉNEZ,,,,38048,11,GUANAJUATO,7,CELAYA,1,Celaya,103,30,4616137006,CONFECCIONESMAYRA@OTMAIL.COM,,Fijo,20.5283515,-100.8229939,dic-14
1242056,CUERITOS E INCURTIDOS DEL BAJÍO,,311910,Elaboración de botanas,0,11 a 30 personas,PRIVADA,SANTA CECILIA,AVENIDA,CONSTITUYENTES,PRIVADA,PRIMERA DE LÁZARO CÁRDENAS DEL RÍO,AVENIDA,CONSTITUYENTES,0,SN,,,,,COLONIA,TIERRA BLANCA,,,,38090,11,GUANAJUATO,7,CELAYA,1,Celaya,1525,30,4611319146,,,Fijo,20.50881783,-100.8148965,dic-14
1244387,DOMINO'S PIZZA,"OPERADORA Y PROCESADORA DE PRODUCTOS DE PANIFICACIÓN, S.A. DE C.V.",311812,Panificación tradicional,0,11 a 30 personas,BOULEVARD,ADOLFO LÓPEZ MATEOS,CALLE,PALMAS,AVENIDA,2 DE ABRIL,CALLE,JOSÉ MARÍA MORELOS,0,SN,,,,,COLONIA,CENTRO,,,,38000,11,GUANAJUATO,7,CELAYA,1,Celaya,018A,12,461617220,11349@DOMINOS.COM.MX,WWW.DOMINOS.COM.MX,Fijo,20.52002514,-100.8002148,dic-14
1348892,DON PASTEL,"DON PASTEL, S.A. DE C.V.",311812,Panificación tradicional,0,11 a 30 personas,CALLE,AGUILAR Y MAYA,CALLE,GUADALUPE,CALLE,ÁLVARO OBREGÓN,CALLE,NARCISO MENDOZA,121,,,PLANTA BAJA,,,COLONIA,ALAMEDA,,,,38050,11,GUANAJUATO,7,CELAYA,1,Celaya,156,26,4616121511,,,Fijo,20.52816081,-100.812226,jul-10
1346633,ELABORACIÓN Y DISTRIBUCIÓN DE CHORIZO SIN NOMBRE,,311613,"Preparación de embutidos y otras conservas de carne de ganado, aves y otros animales comestibles",0,11 a 30 personas,CALLE,VIOLETA,CALLE,FRESNO,CALLE,PINO,CALLE,ROSA,404,A,,,,,COLONIA,LINDAVISTA,,,,38010,11,GUANAJUATO,7,CELAYA,1,Celaya,423,3,4616116506,,,Fijo,20.54326503,-100.8239592,jul-10
1348457,EMPACADORA JB,"PRODUCTOS Y CARNES FRÍAS DE CELAYA JB, S.A.",311613,"Preparación de embutidos y otras conservas de carne de ganado, aves y otros animales comestibles",0,11 a 30 personas,AVENIDA,MIGUEL HIDALGO,CALLE,MARIANO ABASOLO,CALLE,LEANDRO VALLE,CALLE,ANDRÉS QUINATANA ROO,619,,,,,,COLONIA,CENTRO,,,,38000,11,GUANAJUATO,7,CELAYA,1,Celaya,137,3,4616123307,EMPACADORAJB@GMAIL.COM,,Fijo,20.52134741,-100.8211492,jul-10
1245144,EMPANADAS LA TÍA GUILLE,,311812,Panificación tradicional,0,11 a 30 personas,CALLE,GUADALUPE,CALLE,FRANCISCO I. MADERO,CALLE,5 DE MAYO,CALLE,ÁLVARO OBREGÓN,0,SN,,,,,COLONIA,CENTRO,,,,38000,11,GUANAJUATO,7,CELAYA,1,Celaya,156,10,4616135872,,,Fijo,20.5241452,-100.8118427,dic-14
6345492,ENVASADORAS  DE AGUAS EN MEXICO S DE RL DE CV,ENVASADORAS DE AGUAS EN MEXICO S DE RL DE CV,312112,Purificación y embotellado de agua,0,31 a 50 personas,AVENIDA,SUR 9,CALLE,PONIENTE 7,AVENIDA,MÉXICO-JAPÓN,AVENIDA,TECNOLÓGICO,126,,,,0,,COLONIA,CIUDAD INDUSTRIAL,,,,38010,11,GUANAJUATO,7,CELAYA,1,Celaya,955,25,4616118690,,,Fijo,20.55047064,-100.8211162,jul-10
1356778,FÁBRICA DE ALIMENTOS SALADOS PARA ANIMALES,"NUBBA COMERCIALIZADORA, S.A. DE C.V.",311110,Elaboración de alimentos para animales,0,11 a 30 personas,CARRETERA,CELAYA-SALVATIERRA,CAMINO,NINGUNO,PRIVADA,NINGUNO,VEREDA,NINGUNO,0,SN,,,,,EJIDO,MICHINELAS,,,,38140,11,GUANAJUATO,7,CELAYA,1,Celaya,1671,2,4616121035,RBNUT@PRODIGY.NET.MX,,Fijo,20.47680863,-100.8086071,jul-10
1352691,FABRICA DE CAJETAS MEX CEL,"MEX C.E.L., S.A. DE C.V.",311340,"Elaboración de dulces, chicles y productos de confitería que no sean de chocolate",0,11 a 30 personas,CALLE,FRANCISCO I. MADERO,CALLE,16 DE SEPTIEMBRE,CALLE,CHAPALA,CALLE,JOSÉ MARÍA MORELOS,0,SN,,,,,COLONIA,EL ZAPOTE,,,,38057,11,GUANAJUATO,7,CELAYA,1,Celaya,018A,6,4616132430,,,Fijo,20.52226418,-100.8044051,jul-10
1356895,FÁBRICA DE PRODUCTOS LÁCTEOS QUECEL,,311513,Elaboración de derivados y fermentos lácteos,0,11 a 30 personas,CALLE,VILLAGRÁN,CAMINO,CAMINO A JOFRE,AVENIDA,LÁZARO CÁRDENAS,EJE VIAL,JUAN PABLO II,302,,,,,,COLONIA,SANTA MARÍA,,,,38090,11,GUANAJUATO,7,CELAYA,1,Celaya,550,14,4616167722,,,Fijo,20.4972615,-100.8131865,jul-10
6204284,"FRISOX, S.A. DE C.V.",,315110,Fabricación de calcetines y medias de tejido de punto,0,31 a 50 personas,CALLE,PONIENTE 2,,NORTE 9,,NORTE 11,CALLE,PONIENTE 4,0,SN,,,,,COLONIA,CIUDAD INDUSTRIAL,,,,38010,11,GUANAJUATO,7,CELAYA,1,Celaya,940,25,14615983300,COMPRAS@FRISOX.COM,WWW.FRISOX.COM,Fijo,20.55364938,-100.8192289,jul-10
6233229,GOCSA PLANTA CELAYA,GEUSA DE OCCIDENTE SA DE CV,312111,Elaboración de refrescos y otras bebidas no alcohólicas,0,51 a 100 personas,CARRETERA,MIGUEL HIDALGO,EJE VIAL,NOR PONIENTE,PROLONGACIÓN,MIGUEL HIDALGO,CALLE,CONCEPCION BEISTEGUH,0,SN,,,0,,COLONIA,LOS ALAMOS,,,,38024,11,GUANAJUATO,7,CELAYA,1,Celaya,724,1,,,,Fijo,20.51940036,-100.8413062,dic-14
6332875,GRUPO LAMESA SA DE CV,GRUPO LAMESA SA DE CV,311512,"Elaboración de leche en polvo, condensada y evaporada",0,101 a 250 personas,AVENIDA,MÉXICO-JAPÓN,,NORTE SUR,CALLE,NORTE 3,CALLE,PONIENTE 6,206,,,,0,,COLONIA,CIUDAD INDUSTRIAL,,,,38010,11,GUANAJUATO,7,CELAYA,1,Celaya,940,28,4616118717,NZMFER01@YAHOO.COM.MX,WWW.GRUPOLAMESA.COM,Fijo,20.55099266,-100.8046936,jul-10
1253769,HIELO CELAYA,,312113,Elaboración de hielo,0,11 a 30 personas,AVENIDA,MÉXICO-JAPÓN,CALLE,NORTE 2,CALLE,ORIENTE 2,AVENIDA,MÉXICO-JAPÓN,316,,,,,,CIUDAD INDUSTRIAL,INDUSTRIAL,,,,38001,11,GUANAJUATO,7,CELAYA,1,Celaya,1544,47,4616133303,,,Fijo,20.55053126,-100.8002618,dic-14
6334809,HIELO CRISTAL DE IRAPUATO SA DE CV,HIELO CRISTAL DE IRAPUATO SA DE CV,312113,Elaboración de hielo,0,31 a 50 personas,CARRETERA,PANAMERICANA,,NINGUNO,,NINGUNO,,NINGUNO,0,KILÓMETRO 287,,,0,,,NINGUNO,,,,38020,11,GUANAJUATO,7,CELAYA,461,Ninguno [Hielera],29,800,4616110093,,,Fijo,20.51527778,-100.9041667,jul-10
6334808,HIELO CRISTAL DE IRAPUATO SA DE CV,HIELO CRISTAL DE IRAPUATO SA DE CV,312113,Elaboración de hielo,0,31 a 50 personas,AVENIDA,CONSTITUYENTES,PRIVADA,ALHELÍES,CALLE,HENRRY DUNANT,CALLE,ALHELÍES,1700,,,1,0,,COLONIA,ROSALINDA II,HOTEL,REAL DE MINAS,1540,38060,11,GUANAJUATO,7,CELAYA,1,Celaya,1690,24,4616148396,,,Fijo,20.51851048,-100.8397096,jul-10
1248132,"JC IMAGEN AUTOMOTRIZ, S.A. DE C.V.","JC IMAGEN AUTOMOTRIZ, S.A. DE C.V.",314912,Confección de productos de textiles recubiertos y de materiales sucedáneos,0,11 a 30 personas,CALLE,PEDRO VARGAS,CALLE,RUBÍ,AVENIDA,EL SAUZ,CALLE,JORGE NEGRETE,109,,,,,,COLONIA,IMPERIAL,,,,38020,11,GUANAJUATO,7,CELAYA,1,Celaya,1718,11,4616161644,JC_IMAGENAUTOTRIZ@PRODIGY.NET.MX,,Fijo,20.54858752,-100.8458049,dic-14
1352661,KEUKA MÉXICO,"KEUKA MÉXICO, S.A. DE C.V.",315223,Confección en serie de uniformes,0,11 a 30 personas,CALLE,FRANCISCO I. MADERO,,NINGUNO,CALLE,16 DE SEPTIEMBRE,CALLE,JOSÉ MARÍA MORELOS,0,SN,,,,,COLONIA,CENTRO,,,,38000,11,GUANAJUATO,7,CELAYA,1,Celaya,018A,5,4616162681,,,Fijo,20.52221886,-100.8036574,jul-10
1249127,MAQUILADORA SIN NOMBRE,,315229,Confección en serie de otra ropa exterior de materiales textiles,0,11 a 30 personas,AVENIDA,DEL SOL,PRIVADA,HACIENDA DE LOS AGUSTINOS,CALLE,FELIPE ÁNGELES,AVENIDA,DEL SOL,224,,,,,,,RINCÓN DE TAMAYO,,,,38150,11,GUANAJUATO,7,CELAYA,143,Rincón de Tamayo,917,1,,,,Fijo,20.42190926,-100.7660826,dic-14
1347113,MASERTEX,,315229,Confección en serie de otra ropa exterior de materiales textiles,0,11 a 30 personas,CALLE,PONIENTE 4,CALLE,NORTE 3,AVENIDA,NORTE 5,CALLE,NINGUNO,0,SN,,,,,COLONIA,CIUDAD INDUSTRIAL,,,,38010,11,GUANAJUATO,7,CELAYA,1,Celaya,940,39,9616116511,MASE.MARG@HOTMAIL.COM,,Fijo,20.55441398,-100.8124857,jul-10
6330618,MOLINERA DE MEXICO SA DE CV ,MOLINERA DE MEXICO SA DE CV,311212,Elaboración de harina de trigo,0,101 a 250 personas,AVENIDA,12 DE OCTUBRE,CALLE,LUIS ENRIQUE ERRO,AVENIDA,12 DE OCTUBRE,CALLE,ANDRES QUINTANA ROO,0,SN,,,0,SN,COLONIA,GIRASOLES,,,,38020,11,GUANAJUATO,7,CELAYA,1,Celaya,1065,26,4616188470,,WWW.GRUMA.COM,Fijo,20.52064849,-100.8380677,jul-10
6330256,NUBBA COMERCIAL SA DE CV,NUBBA COMERCIAL SA DE CV,311110,Elaboración de alimentos para animales,0,31 a 50 personas,CALLE,PASEO DE LOS CONSTITUYENTES,CALLE,DIVISIÓN DEL NORTE,CALLE,PASEO DE LOS CONSTITUYENTES,CALLE,LENACIA GÓMEZ,202,,,,0,,COLONIA,EL VERGEL,,,,38070,11,GUANAJUATO,7,CELAYA,1,Celaya,1224,26,4616121035,T.NAVA@RBNUT.COM,,Fijo,20.51346713,-100.8026959,jul-10
1356160,PANADERÍA EL BEBE,,311812,Panificación tradicional,0,11 a 30 personas,PROLONGACIÓN,DE GUANAJUATO,CALLE,PASEO DE LOS ÁLAMOS,AVENIDA,TRES GUERRAS,CALLE,JACARANDAS,6,,,,,,COLONIA,JARDINES DE CELAYA,,,,38080,11,GUANAJUATO,7,CELAYA,1,Celaya,809,1,4616162893,,,Fijo,20.51475013,-100.7920048,jul-10
1353286,PANADERÍA EL RICO PAN,,311812,Panificación tradicional,0,11 a 30 personas,CALLE,BRÍGIDA ÁLVAREZ,CALLE,MARÍA CHÁVEZ,CALLE,MARÍA VICENTA ELIZARRARAS,AVENIDA,BOULEVARD ADOLFO LÓPEZ MATEOS,136,,,,,,COLONIA,LAS INSURGENTES,,,,38080,11,GUANAJUATO,7,CELAYA,1,Celaya,1099,14,4616127749,,,Fijo,20.52097409,-100.7958081,jul-10
1348395,PANADERÍA EL TRIGAL,"PANADERÍA EL TRIGAL, S.A. DE C.V.",311812,Panificación tradicional,0,11 a 30 personas,AVENIDA,PROFESOR FRANCISCO JUÁREZ,CALLE,ALBINO GARCÍA,CALLE,MANUEL DOBLADO,CALLE,MARIANO ABASOLO,525,,,,,,COLONIA,TIERRAS NEGRAS,,,,38048,11,GUANAJUATO,7,CELAYA,1,Celaya,137,5,4616147410,,,Fijo,20.52517162,-100.8260181,jul-10
1347395,PANADERÍA SIN NOMBRE,,311812,Panificación tradicional,0,11 a 30 personas,CALLE,MARIANO JIMÉNEZ,CALLE,GENERALA ANTONIA NAVA DE CATALÁN,CALLE,MARIANO ABASOLO,CALLE,HERMENEGILDO GALEANA,0,SN,,,,,COLONIA,MARIANO JIMÉNEZ,,,,38048,11,GUANAJUATO,7,CELAYA,1,Celaya,103,30,4611699146,,,Fijo,20.52910514,-100.8237232,jul-10
6227834,PANAMCO  MEXICO SA DE CV,PANAMCO MEXICO SA DE CV,312111,Elaboración de refrescos y otras bebidas no alcohólicas,0,31 a 50 personas,CARRETERA,A QUERÉTARO,CALLE,ADOLFO DE LA HUERTA,CALLE,ROSA BLANCA,CALLE,NINGUNO,0,SN,,,0,,COLONIA,TRES GUERRAS,,,,38080,11,GUANAJUATO,7,CELAYA,1,Celaya,813,4,4611595937,,,Fijo,20.51591492,-100.7832093,jul-10
6331279,PANAMCO MEXICO SA DE CV,PANAMCO MEXICO SA DE CV,312111,Elaboración de refrescos y otras bebidas no alcohólicas,0,31 a 50 personas,CARRETERA,A QUERÉTARO,CALLE,MIGUEL ALEMÁN,CALLE,PRESA BLANCA,CALLEJÓN,3 GUERRAS,0,KILÓMETRO 370,,,0,,COLONIA,TRES GUERRAS,,,,38130,11,GUANAJUATO,7,CELAYA,1,Celaya,813,4,,,,Fijo,20.51591355,-100.7832019,jul-10
1348296,PANIFICADORA CUELLAR EL FÉNIX,"PANIFICADORA CUELLAR, S.A. DE C.V.",311812,Panificación tradicional,0,11 a 30 personas,CALLE,MANUEL DOBLADO,CALLE,LEANDRO VALLE,CALLE,MARIANO ABASOLO,CALLE,ANDRÉS QUINTANA ROO,426,,,,,,COLONIA,CENTRO,,,,38000,11,GUANAJUATO,7,CELAYA,1,Celaya,137,2,4616120534,,,Fijo,20.52321232,-100.8215736,jul-10
1349095,PANIFICADORA EL SOL,"PANIFICADORA EL SOL DE IRAPUATO, S.A. DE C.V.",311812,Panificación tradicional,0,11 a 30 personas,CALLE,COLUNGA GUERRERO,CALLE,CORREGIDORA,AVENIDA,LICENCIADO BENITO JUÁREZ,AVENIDA,MIGUEL HIDALGO,102,,,,,,COLONIA,CENTRO,,,,38000,11,GUANAJUATO,7,CELAYA,1,Celaya,156,12,4616138112,,,Fijo,20.52215676,-100.8146353,jul-10
1348886,"PASTELERÍA LAS DÍAZ BARRIGA, S.A. DE C.V.","PASTELERÍA LAS DÍAZ BARRIGA, S.A. DE C.V.",311812,Panificación tradicional,0,11 a 30 personas,CALLE,ÁLVARO OBREGÓN,PRIVADA,ÁLVARO OBREGÓN,CALLE,AGUILAR Y MAYA,AVENIDA,LICENCIADO BENITO JUÁREZ,344,C,,,,,COLONIA,ALAMEDA,,,,38050,11,GUANAJUATO,7,CELAYA,1,Celaya,156,25,4616127663,PASTELERIADIAZBARRIGA@YAHOO.COM.MX,,Fijo,20.52808916,-100.8131351,jul-10
1350119,PASTELERÍA Y PANADERÍA MARÍA CRISTINA,,311812,Panificación tradicional,0,11 a 30 personas,AVENIDA,LICENCIADO BENITO JUÁREZ,AVENIDA,LICENCIADO BENITO JUÁREZ,CALLE,5 DE MAYO,CALLE,ÁLVARO OBREGÓN,453,,,,,,COLONIA,CENTRO,,,,38000,11,GUANAJUATO,7,CELAYA,1,Celaya,156,8,4616129309,,,Fijo,20.52587212,-100.8151349,jul-10
6261094,"PIGMENTOS VEGETALES DEL CENTRO, S.A. DE C.V.","PIGMENTOS VEGETALES DEL CENTRO, S.A. DE C.V.",311940,Elaboración de condimentos y aderezos,0,101 a 250 personas,CAMINO,CAMINO A SAN JOSE DE GUANAJUATO,CALLE,NINGUNO,CALLE,NINGUNO,CALLE,NINGUNO,3,,,,0,,EJIDO,3A SECCIÓN DE CRESPO EXHACIENDA ESTRADA,,,,38020,11,GUANAJUATO,7,CELAYA,674,Ninguno [Balneario],71,800,,,,Fijo,20.49780834,-100.8400114,dic-14
6329712,PLANTA DE ALIMENTOS DIVISION BAJIO,BACHOCO SA DE CV,311110,Elaboración de alimentos para animales,0,51 a 100 personas,CALLE,EJE NOR-PONIENTE,CALLE,REAL DEL POTOSÍ,EJE VIAL,NOR PONIENTE,CALLE,PABLO A DE LA GARZA,0,SN,,,0,,COLONIA,NINGUNO,,,,38010,11,GUANAJUATO,7,CELAYA,1,Celaya,724,2,4616143504,MARTHA.RAMOS@BACHOCO.MX,,Fijo,20.51994111,-100.8489082,jul-10
1347109,"PRODUCTOS DOLCHE DEL BAJÍO, S.A. DE C.V.","PRODUCTOS DOLCHE DEL BAJÍO, S.A. DE C.V.",311340,"Elaboración de dulces, chicles y productos de confitería que no sean de chocolate",0,31 a 50 personas,AVENIDA,MÉXICO-JAPÓN,AVENIDA,NORTE 7,CALLE,NORTE 3,PRIVADA,NINGUNO,160,,,,,,COLONIA,CIUDAD INDUSTRIAL,,,,38010,11,GUANAJUATO,7,CELAYA,1,Celaya,940,37,4616115666,COBRANZA@DOCHE.COM.MX,WWW.DOLCHE.COM.MX,Fijo,20.55181671,-100.8127718,jul-10
1357049,PRODUCTOS LA ESPECIAL,,311340,"Elaboración de dulces, chicles y productos de confitería que no sean de chocolate",0,11 a 30 personas,CARRETERA,PANAMERICANA,CALLE,ALAMEDA,CALLE,NINGUNO,CALLE,FERROCARRIL,0,SN,,,,,COLONIA,SEGUNDA FRACCIÓN DE CRESPO,,,,38110,11,GUANAJUATO,7,CELAYA,154,San Isidro Crespo,870,9,4616110686,ADMON@PRODUCTOSLAESPECIAL.COM,WWW.PRODUCTOSLAESPECIAL.COM,Fijo,20.51632498,-100.8832179,jul-10
6332889,"PRODUCTOS LACTEOS LA LAJA, S.A. DE C.V.","PRODUCTOS LACTEOS LA LAJA, S.A. DE C.V.",311513,Elaboración de derivados y fermentos lácteos,0,101 a 250 personas,CALLE,GÜÉMEZ,CALLE,SAN FERNANDO,CALLE,GÜÉMEZ,CALLE,SAN LUIS POTOSÍ,100,,,,0,,COLONIA,INDEPENDENCIA,,,,38090,11,GUANAJUATO,7,CELAYA,1,Celaya,565,1,4616166013,LA_LAJA@PRODIGY.NET.MX,WWW.CORTIJOLAJA.COM,Fijo,20.49367629,-100.8126066,jul-10
6332888,RASTRO MUNICIPAL,MUNICIPIO DE CELAYA,311611,"Matanza de ganado, aves y otros animales comestibles",0,51 a 100 personas,CALLE,HELIOTROPO,CALLE,LA SOLEDAD,CALLE,GUANAJUATO,CALLE,NOCHE BUENA,0,SN,,,0,,COLONIA,LAS FLORES,CORREDOR INDUSTRIAL,SIN NOMBRE,SN,38090,11,GUANAJUATO,7,CELAYA,1,Celaya,300,14,4616167699,CTORRES@CELAYA.GOB.MX,,Fijo,20.50265961,-100.8154566,jul-10
6332895,RICAP SA DE CV,RICAP SA DE CV,311930,"Elaboración de concentrados, polvos, jarabes y esencias de sabor para bebidas",0,51 a 100 personas,AVENIDA,EL VERGEL,AVENIDA,NINGUNO,,NINGUNO,CALLE,INDEPENDENCIA,201,,,,0,,PARQUE INDUSTRIAL,EL VERGEL,,,,38110,11,GUANAJUATO,7,CELAYA,7013,Localidad económica,71,800,4611742450,,WWW.GRUPORICAP.COM,Fijo,20.52280635,-100.8841779,jul-10
6330037,"SALCHICHONERIA GUNTER, S.A. DE C.V.","SALCHICHONERIA GUNTER, S.A. DE C.V.",311613,"Preparación de embutidos y otras conservas de carne de ganado, aves y otros animales comestibles",0,31 a 50 personas,PRIVADA,PROLONGACIÓN LERDO,AVENIDA,TINTORETTO,AVENIDA,TINTORETTO,CALLE,VALLE DE LERMA,0,SN,,,0,,COLONIA,RENACIMIENTO,,,,38044,11,GUANAJUATO,7,CELAYA,1,Celaya,1031,10,4616144324,,WWW.GUNTER.COM.MX,Fijo,20.51851923,-100.8309906,jul-10
6330733,SENSIENT FLAVORS MEXICO SA DE CV,SENSIENT FLAVORS MEXICO SA DE CV,311940,Elaboración de condimentos y aderezos,0,101 a 250 personas,CALLE,CONCEPCIÓN BÉISTEGUI,CALLE,EJE NOR-PONIENTE,CALLE,REAL DEL POTOSÍ,CALLE,TETOUAN,0,SN,,,0,,COLONIA,GIRASOLES,,,,38060,11,GUANAJUATO,7,CELAYA,1,Celaya,724,2,4612021261,ROBERTO.ALBORES@SENSIENT.COM,,Fijo,20.51998171,-100.8481159,jul-10
1246112,"SUSAZON, S.A. DE C.V.","SUSAZON, S.A. DE C.V.",311612,"Corte y empacado de carne de ganado, aves y otros animales comestibles",0,101 a 250 personas,CALLE,ÁLVARO OBREGÓN,AVENIDA,MÉXICO-JAPÓN,CALLE,NINGUNO,CALLE,ADMINISTRADORES,0,SN,,,,,COLONIA,CIUDAD INDUSTRIAL,,,,38010,11,GUANAJUATO,7,CELAYA,1,Celaya,955,32,4616116766,,,Fijo,20.54971204,-100.8036978,dic-14
1244350,"TODO PROTECCIÓN, S. DE R.L. DE C.V.","TODO PROTECCIÓN, S. DE R.L. DE C.V.",315223,Confección en serie de uniformes,0,11 a 30 personas,CALLE,ALBINO GARCÍA,AVENIDA,PROFESOR FRANCISCO JUÁREZ,CALLE,MARIANO ABASOLO,CALLE,MANUEL DOBLADO,320,,,,,,COLONIA,TIERRAS NEGRAS,,,,38048,11,GUANAJUATO,7,CELAYA,1,Celaya,137,5,4616151626,,,Fijo,20.525116,-100.8249501,dic-14
6331012,VERSAFLEX SA DE CV,VERSAFLEX SA DE CV,314912,Confección de productos de textiles recubiertos y de materiales sucedáneos,0,31 a 50 personas,CALLE,GENOVEVO DE LA O,CALLE,REYNALDO LECONA,CALLE,UNIÓN,CALLE,GENARO AMEZCUA,231,,,,0,,COLONIA,EMILIANO ZAPATA NORTE,,,,38030,11,GUANAJUATO,7,CELAYA,1,Celaya,1544,10,4616129094,MAYRA@VERSAFLEX.COM.MX,WWW.VERSAFLEX.COM.MX,Fijo,20.54569721,-100.7965633,jul-10
6333581,VERSAFLEX SA DE CV,VERSAFLEX SA DE CV,314912,Confección de productos de textiles recubiertos y de materiales sucedáneos,0,11 a 30 personas,CALLE,COLIMA,CALLE,SALTILLO,CALLE,MEXICALI,CALLE,CIUDAD VICTORIA,189,,,,0,,COLONIA,SANTA RITA,,,,38035,11,GUANAJUATO,7,CELAYA,1,Celaya,1135,2,4616113013,,WWW.VERSAFLEX.COM.MX,Fijo,20.55114345,-100.7862294,jul-10
6717390,ANTITRIPS DE MÉXICO,"ANTITRIPS DE MEXICO, S.A. DE C.V.",326199,Fabricación de otros productos de plástico sin reforzamiento,0,51 a 100 personas,CALLE,MIGUEL HIDALGO,CALLE,OCTAVIO PAZ,CALLE,NINGUNA,OTRA (ESPECIFICAR),NINGUNO,12,,,,0,,COLONIA,San Isidro De Silva,,,,38114,11,GUANAJUATO,7,CELAYA,182,Ejido de Silva (San Isidro),29,800,,,NO TIENE,Fijo,20.56938779,-100.8353282,ene-16
6478031,"ARENAS ,BASALTOS ,CONCRETOS Y DERIVADOS, S.A. DE C.V.","ARENAS, BASALTOS ,CONCRETOS Y DERIVADOS, S.A. DE C.V.",327330,Fabricación de tubos y bloques de cemento y concreto,0,11 a 30 personas,CALLE,LAUREL,CALLE,SN,CALLE,SN,CALLE,SN,0,SN,,,,,PARQUE INDUSTRIAL,EL VERGEL,PARQUE INDUSTRIAL,EL VERGEL,SN,38110,11,GUANAJUATO,7,CELAYA,7013,Localidad económica,71,800,4616167000,,,Fijo,20.52280635,-100.8841779,dic-14
6332735,BETA PROCESOS,"BETA PROCESOS, S.A. DE C.V.",325610,"Fabricación de jabones, limpiadores y dentífricos",0,101 a 250 personas,AVENIDA,MÉXICO-JAPÓN,AVENIDA,MÉXICO-JAPÓN,AVENIDA,NORTE II,CALLE,PONIENTE 2,0,LOTE 17 Y,,,0,,COLONIA,CIUDAD INDUSTRIAL,,,,38010,11,GUANAJUATO,7,CELAYA,1,Celaya,940,26,4616115104,COSTOS@BETAPROCESOS.COM.MX,WWW.BETAPROCESOS.COM.MX,Fijo,20.55203959,-100.8143479,jul-10
1252685,CARPINTERÍA CASTELLANOS,,321910,Fabricación de productos de madera para la construcción,0,11 a 30 personas,AVENIDA,ARRAYANES,CALLE,GUAYABO,CALLE,PARAÍSO,CALLE,SIDRA,441,,,,,,COLONIA,DEL BOSQUE 3 SECCIÓN,,,,38080,11,GUANAJUATO,7,CELAYA,1,Celaya,654,24,4616085839,,,Fijo,20.50379802,-100.7949593,dic-14
6236565,CEKAYA HONDA 2,CEMEX CONCRETOS SA DE CV,327320,Fabricación de concreto,0,11 a 30 personas,,SUR,,,,,,,6,,,,0,,,RINCON DE TAMAYO,,,,0,11,GUANAJUATO,7,CELAYA,1,Celaya,103,1,,,,Fijo,20.53166701,-100.8231096,dic-14
6236562,CELAYA,CEMEX CONCRETOS SA DE CV,327320,Fabricación de concreto,0,11 a 30 personas,,CELAYA - SAN JOSÉ,,,,,,,0,SN,,,0,,,SIN DATO,,,,0,11,GUANAJUATO,7,CELAYA,1,Celaya,103,1,,,,Fijo,20.53166673,-100.8231163,dic-14
1356792,"CONCRETOS APASCO, S.A. DE C.V. HOLCIM","CONCRETOS APASCO, S.A. DE C.V.",327320,Fabricación de concreto,0,11 a 30 personas,PRIVADA,RENOVACIÓN,CALLE,SEGUNDA DE PROLONGACIÓN IGNACIO ALLENDE O SEGUNDA CERRADA DE LÁZARO CÁRDENAS,CALLE,CANAL,CALLE,CAMINO A JOFRE,0,SN,,,,,COLONIA,LAS FLORES,,,,38090,11,GUANAJUATO,7,CELAYA,1,Celaya,1525,29,4616115270,JAZIEL.ORTIZC@HOLCIM.COM,WWW.HOLCIM.COM,Fijo,20.50635601,-100.8143335,jul-10
6697485,CONCRETOS CRUZ AZUL,"AZUL CONCRETOS Y PREMEZCLADOS, S.A. DE C.V.",327320,Fabricación de concreto,0,11 a 30 personas,CARRETERA,Panamericana,CALLE,Francisco Villa,CALLE,Ninguno,CALLE,Las Arboledas,0,SN,,,0,,RANCHERÍA,Segunda Fraccion De Crespo,,,,38110,11,GUANAJUATO,7,CELAYA,154,San Isidro Crespo,885,16,14616111274,JP-_CELAYA122@CONCRETOSCRUZAZUL.COM.MX,NO TIENE,Fijo,20.5163894,-100.8776761,ene-16
6233141,CONCRETOS HOLCIM,CONCRETOS APASCO SA DE CV,327320,Fabricación de concreto,0,11 a 30 personas,AVENIDA,NORTE II,AVENIDA,MÉXICO-JAPÓN,CARRETERA,SALAMANCA QUERÉTARO,AVENIDA,TECNOLÓGICO,0,SN,,,0,,COLONIA,CIUDAD INDUSTRIAL,,,,38010,11,GUANAJUATO,7,CELAYA,1,Celaya,940,16,4616115270,,,Fijo,20.55566937,-100.820321,jul-10
6205837,CONCRETOS PREMEZCLADOS DEL BAJÍO,,327320,Fabricación de concreto,0,11 a 30 personas,CARRETERA,PANAMERICANA,,NINGUNO,CALLE,NINGUNO,CALLE,CONCEPCIÓN BÉISTEGUI,0,SN,,,,,COLONIA,BENITO JUÁREZ,,,,38060,11,GUANAJUATO,7,CELAYA,1,Celaya,1436,1,4616093878,,,Fijo,20.51823799,-100.8560016,jul-10
6716482,CONSTRUCTORA Y PAVIMENTADORA,"CONSTRUCTORA Y PAVIEMENTADORA VISE, S.A. DE C.V.",324120,Fabricación de productos de asfalto,0,11 a 30 personas,CARRETERA,CARRETERA ESTATAL LIBRE 51 CELAYA SALVATIERRA KM 114,CALLE,NINGUNO,CALLE,NINGUNO,CALLE,NINGUNO,0,SN,,,0,,RANCHO,El Sauz De Villaseñor,,,,3804,11,GUANAJUATO,7,CELAYA,180,El Sauz (El Sauz de Villaseñor),032A,800,14611355557,elsauz@vise.com.mx,WWW.VISE.COM.MX,Fijo,20.40562884,-100.7952296,ene-16
6204344,COPLAINSA,"COMPAÑÍA PLÁSTICA INTERNACIONAL, S.A. DE C.V.",326199,Fabricación de otros productos de plástico sin reforzamiento,0,31 a 50 personas,CALLE,ORIENTE 3,CALLE,ÁLVARO OBREGÓN,CALLE,SUR 2,CALLE,ORIENTE 5,105,,,,,,COLONIA,CIUDAD INDUSTRIAL,,,,38030,11,GUANAJUATO,7,CELAYA,1,Celaya,1544,50,461614499,,,Fijo,20.54920057,-100.8020529,jul-10
6332899,"CORRUGADOS DE CELAYA, S.A. DE C.V.","CORRUGADOS DE CELAYA, S.A. DE C.V.",322210,Fabricación de envases de cartón,0,101 a 250 personas,PRIVADA,SOR JUANA INES DE LA CRUZ,CALLE,CELAYA,CALLE,ACAMBARO,CALLE,SILAO,111,SN,,,0,,FRACCIONAMIENTO,EL PUENTE,,,,38110,11,GUANAJUATO,7,CELAYA,674,Ninguno [Balneario],71,800,4616110203,CORRUCELSACV@PRODIGY.NET.MX,,Fijo,20.49780834,-100.8400114,dic-14
6332810,"CORRUGADOS ESPECIALIZADOS DEL BAJIO, S.A. DE C.V.","CORRUGADOS ESPECIALIZADOS DEL BAJIO, S.A. DE C.V.",322210,Fabricación de envases de cartón,0,101 a 250 personas,CALLE,ORIENTE 5,CALLE,PRESA ÁLVARO OBREGÓN,CAMINO,A SAN MIGUEL OCTOPAN,CALLE,ORIENTE 7,113,,,,0,,COLONIA,CIUDAD INDUSTRIAL,,,,38010,11,GUANAJUATO,7,CELAYA,1,Celaya,1544,7,4611613663,DIR.FINANZAS@CORESBA.COM.MX,WWW.CORESBA.COM.MX,Fijo,20.54789811,-100.8001647,jul-10
1347100,"CORRUGADOS PAPEL Y CARTÓN, S.A. DE C.V.","CORRUGADOS PAPEL Y CARTÓN, S.A. DE C.V.",322132,Fabricación de cartón y cartoncillo a partir de pulpa,0,11 a 30 personas,AVENIDA,MÉXICO-JAPÓN,AVENIDA,NORTE 7,AVENIDA,NORTE II,CALLE,PONIENTE 2,106,,,,,,COLONIA,CIUDAD INDUSTRIAL,,,,38010,11,GUANAJUATO,7,CELAYA,1,Celaya,940,26,14616116071,FABIOLA@CORRUPAKA.COM.MX,WWW.CORRUPAKA.COM.MX,Fijo,20.55258915,-100.819711,jul-10
6332739,EQUINOX,"EQUINOX, S.A. DE C.V.",325320,"Fabricación de pesticidas y otros agroquímicos, excepto fertilizantes",0,101 a 250 personas,CALLE,PONIENTE 4,CALLE,NORTE 5,AVENIDA,NORTE 3,CALLE,PONIENTE 2,133,,,,0,,COLONIA,CIUDAD INDUSTRIAL,,,,38010,11,GUANAJUATO,7,CELAYA,1,Celaya,940,39,4616117766,ARACELIM@EQUINOXAGRO.COM,EQUINOXAGRO.COM,Fijo,20.55411324,-100.8095521,jul-10
1355875,FABRICA DE PROCESOS PLÁSTICOS DE CELAYA,"PROCESOS PLÁSTICOS DE CELAYA, S.A. DE C.V.",325620,"Fabricación de cosméticos, perfumes y otras preparaciones de tocador",0,31 a 50 personas,BOULEVARD,ADOLFO LÓPEZ MATEOS,AVENIDA,2 DE ABRIL,CALLE,PASEO DE GUANAJUATO,CALLE,COLEGIO HEROICO MILITAR,1107,,,,7,,COLONIA,JARDINES DE CELAYA,,,,38080,11,GUANAJUATO,7,CELAYA,1,Celaya,025A,20,4616134830,PROPLACE@PRODIGY.NET.MX,,Fijo,20.51961432,-100.7979068,jul-10
1355815,FÁBRICA SIN NOMBRE,,326191,Fabricación de productos de plástico para el hogar con y sin reforzamiento,0,31 a 50 personas,CALLE,MONTES DE OCA,CALLE,CERRADA DE PINO SUÁREZ,CALLE,PASEO DE LOS CONSTITUYENTES,CALLE,JOSÉ MARÍA PINO SUÁREZ,300,,,,,,COLONIA,EL VERGEL,,,,38078,11,GUANAJUATO,7,CELAYA,1,Celaya,1224,29,4616160301,,,Fijo,20.51426587,-100.8020032,jul-10
6329977,FORMAS GENERALES SA DE CV,FORMAS GENERALES SA DE CV,323119,Impresión de formas continuas y otros impresos,0,101 a 250 personas,CALLE,FRANCISCO I. MADERO,CALLE,TENOCHTITLAN,CALLE,CHAPALA,CALLE,JOSÉ MARÍA MORELOS,407,,,,0,,COLONIA,CENTRO,,,,38000,11,GUANAJUATO,7,CELAYA,1,Celaya,175,10,4616160044,AARAMBURO@FORGESA.NET,WWW.FORGESA.NET,Fijo,20.52245445,-100.8070816,jul-10
1249134,"FOSFATOS DE CELAYA, S.A. DE C.V.","FOSFATOS DE CELAYA, S.A. DE C.V.",325310,Fabricación de fertilizantes,0,31 a 50 personas,CARRETERA,NINGUNO,AVENIDA,DEL FERROCARRIL,CARRETERA,CELAYA SALVATIERRA,CARRETERA,CELAYA SALVATIERRA,216,LOTE 5,,,,,FRACCIONAMIENTO,INDUSTRIAL FERROPUERTO,,,,38150,11,GUANAJUATO,7,CELAYA,7911,Localidad económica,032A,800,,,,Fijo,20.42210324,-100.78523,dic-14
6332768,FRESCO PACK,"FRESCO PACK, S.A. DE C.V.",326193,Fabricación de envases y contenedores de plástico para embalaje con y sin reforzamiento,0,101 a 250 personas,CALLE,LA PAZ,CALLE,NORTE 2,CALLE,NORTE 9,CALLE,PONIENTE 2,0,SN,,,0,,COLONIA,CIUDAD INDUSTRIAL,,,,38030,11,GUANAJUATO,7,CELAYA,1,Celaya,160,15,4616129248,,WWW.FRESCOPACK.COM,Fijo,20.52634963,-100.807388,jul-10
1356753,"GLOBAL PLASTICS DE MÉXICO, S.A. DE C.V.","GLOBAL PLASTICS DE MÉXICO, S.A. DE C.V.",325993,Fabricación de resinas de plásticos reciclados,0,51 a 100 personas,AVENIDA,LÁZARO CÁRDENAS DEL RÍO,CALLE,GUERRERO,PRIVADA,JUÁREZ,PRIVADA,SEGUNDA DE GUERRERO,862,A,,,,,COLONIA,RANCHO SECO,,,,38140,11,GUANAJUATO,7,CELAYA,1,Celaya,565,2,4616165122,,,Fijo,20.48761763,-100.8086323,jul-10
1241695,"HEBRI PLÁSTICOS, S.A. DE C.V.","HEBRI PLÁSTICOS, S.A. DE C.V.",326192,Fabricación de autopartes de plástico con y sin reforzamiento,1,31 a 50 personas,CALLE,GUERRERO,CALLE,NIÑOS HÉROES,PRIVADA,OCTAVA DE GUERRERO,CERRADA,NINGUNO,47,,,,,,COLONIA,RANCHO SECO,,,,38140,11,GUANAJUATO,7,CELAYA,1,Celaya,565,29,4616154312,CPKARINA@KNP.COM.MX,,Fijo,20.4869362,-100.8045624,jul-13
1249832,IMPRENTA DEL BAJÍO,,323119,Impresión de formas continuas y otros impresos,0,11 a 30 personas,CALLE,JOAQUÍN GARCÍA,CALLE,ANTONIO GARCÍA CUBAS,CALLE,MANUEL OROZCO Y BERRA,AVENIDA,TECNOLÓGICO,0,SN,,,,,COLONIA,FOVISSSTE,,,,38600,11,GUANAJUATO,7,CELAYA,1,Celaya,442,45,4616124340,IMPRENTADELBAJIO@YAHOO.COM.MX,,Fijo,20.53952524,-100.8189956,dic-14
1242658,IMPRESOS MORSA,,323119,Impresión de formas continuas y otros impresos,0,11 a 30 personas,CALLE,RAFAEL SANZIO,CALLE,MIGUEL ÁNGEL,BOULEVARD,ADOLFO LÓPEZ MATEOS,CALLE,VELÁZQUEZ,105,,,,,,COLONIA,RENACIMIENTO,,,,38044,11,GUANAJUATO,7,CELAYA,1,Celaya,1046,4,,,,Fijo,20.51862036,-100.8331497,dic-14
6329756,"IMPRESOS PROFESIONALES DEL CENTRO, S.A. DE C.V.","IMPRESOS PROFESIONALES DEL CENTRO, S.A. DE C.V.",323119,Impresión de formas continuas y otros impresos,0,101 a 250 personas,AVENIDA,MÉXICO-JAPÓN,AVENIDA,NORTE 7,AVENIDA,NORTE II,CALLE,PONIENTE 2,108,,,,0,,COLONIA,CIUDAD INDUSTRIAL,CIUDAD INDUSTRIAL,SIN NOMBRE,108,38010,11,GUANAJUATO,7,CELAYA,1,Celaya,940,26,4616115550,MCASTILLO@IPCDIGITAL.COM.MX,IPCDIGITAL.COM.MX,Fijo,20.55255815,-100.8194084,jul-10
6486016,"INNOVACIONES PLASTICAS MADJO, S. DE R.L. DE C.V.","INNOVACIONES PLASTICAS MADJO, S. DE R.L. DE C.V.",326194,Fabricación de otros productos de plástico de uso industrial sin reforzamiento,0,11 a 30 personas,AVENIDA,EL VERGEL,CALLE,SN,CALLE,SN,CALLE,SN,0,SN,,,,,PARQUE INDUSTRIAL,EL VERGEL,PARQUE INDUSTRIAL,EL VERGEL,208,38110,11,GUANAJUATO,7,CELAYA,7013,Localidad económica,71,800,4616111214,,,Fijo,20.52280635,-100.8841779,dic-14
1357769,INTERMOL,,326160,Fabricación de botellas de plástico,0,11 a 30 personas,CALLE,LAGO ESCLAVOS,CALLE,LAGO DE ZAYULA,CALLE,LAGO AZUI,CALLE,LAGO TITICACA,109,,,,,,COLONIA,LOS LAGOS,,,,38060,11,GUANAJUATO,7,CELAYA,1,Celaya,974,12,4616093852,,,Fijo,20.50986084,-100.8303762,jul-10
1347108,"INYECCIÓN DE PIEZAS DE PLÁSTICO AUTOMOTRIZ ALCARAZ ANTILLÓN, S.A. DE C.V.","ALCARAZ ANTILLÓN, S.A. DE C.V.",326192,Fabricación de autopartes de plástico con y sin reforzamiento,1,51 a 100 personas,AVENIDA,MÉXICO-JAPÓN,CALLE,NORTE 7,CALLE,NORTE 3,CALLE,NINGUNO,182,,,,,,COLONIA,CIUDAD INDUSTRIAL,,,,38010,11,GUANAJUATO,7,CELAYA,1,Celaya,940,37,14616115557,CPFRANCISCOMENDOZAG@PRODIGY.NET.MX,,Fijo,20.55155903,-100.8102006,jul-10
1250194,"IRERI ANDESSI, S.A. DE C.V.","IRERI ANDESI, S.A. DE C.V.",325190,Fabricación de otros productos químicos básicos orgánicos,0,11 a 30 personas,CALLE,SALVATIERRA,CALLE,AVENIDA AEROPUERTO,CALLE,CELAYA,CALLE,LEON,101,,,,,,COLONIA,EL PUENTE,,,,38060,11,GUANAJUATO,7,CELAYA,137,Colonia Fraccionamiento el Puente,71,9,4616110505,,WWW.PIELNUEVA.COM.MX,Fijo,20.52361111,-100.8966667,dic-14
6712759,"JA, S.A. DE C.V.","JA, S.A. DE C.V.",326199,Fabricación de otros productos de plástico sin reforzamiento,0,31 a 50 personas,AVENIDA,EL VERGEL,OTRA (ESPECIFICAR),NingunoN,OTRA (ESPECIFICAR),Ninguno,OTRA (ESPECIFICAR),Ninguno,35,,,,0,,COLONIA,Segunda Fraccion Cresp,,,,38000,11,GUANAJUATO,7,CELAYA,408,Monsanto [Centro de Investigación Agrícola],71,800,,,NO TIENE,Fijo,20.52425481,-100.8843242,ene-16
6261557,JANESVILLE DE MEXICO SA DE CV,JANESVILLE DE MEXICO SA DE CV,326140,Fabricación de espumas y productos de poliestireno,1,101 a 250 personas,CARRETERA,NINGUNO,CALLE,NINGUNO,CALLE,NINGUNO,CALLE,NINGUNO,0,SN,,,0,,EJIDO,CIUDAD DE CELAYA,,,,38110,11,GUANAJUATO,7,CELAYA,462,Ninguno [Hotel],71,800,4611921800,,WWW.JANESVILLEACOUSTICS.COM,Fijo,20.51589,-100.890501,jul-13
1253767,"JUSTIN IN PACK, S.A. DE SV","JUSTIN IN PACK, S.A. DE SV",322210,Fabricación de envases de cartón,0,11 a 30 personas,AVENIDA,MÉXICO-JAPÓN,CALLE,NORTE 2,,NORTE - SUR,CALLE,ORIENTE,148,,,,,,CIUDAD INDUSTRIAL,INDUSTRIAL,,,,38001,11,GUANAJUATO,7,CELAYA,1,Celaya,1544,47,4616128875,FACTURACION@JUSTINPACK.COM,WWW.JUSTINPACK.COM,Fijo,20.55061652,-100.8010423,dic-14
6723770,MADERERÍA LA TIERRA,"MADERERÍA LA TIERRA, S.A. DE C.V.",321920,Fabricación de productos para embalaje y envases de madera,0,51 a 100 personas,CALLE,Emiliano Zapata,CALLE,Ninguno,OTRA (ESPECIFICAR),Sin Referencia,PRIVADA,Ninguno,147,,,,0,,COLONIA,Santa Maria Del Refugi,,,,38140,11,GUANAJUATO,7,CELAYA,174,Santa María del Refugio,1629,27,10461157846,latierra@prodigy.net.mx,WWW.LATIERRA.COM,Fijo,20.43888711,-100.7957841,ene-16
1248774,"MADERERÍA LA TIERRA, S.A. DE C.V.","MADERERÍA LA TIERRA, S.A. DE C.V.",321920,Fabricación de productos para embalaje y envases de madera,0,31 a 50 personas,CALLE,NINGUNO,CARRETERA,CELAYA SALVATIERRA,CALLE,EMILIANO ZAPATA,CALLE,NINGUNO,0,SN,,,,,,SANTA MARÍA DEL REFUGIO,,,,38140,11,GUANAJUATO,7,CELAYA,174,Santa María del Refugio,1629,27,4616182007,,,Fijo,20.43901725,-100.7967852,dic-14
1347114,"MEGA CONCRETOS, S.A. DE C.V.","MEGA CONCRETOS, S.A. DE C.V.",327330,Fabricación de tubos y bloques de cemento y concreto,0,11 a 30 personas,CALLE,PONIENTE 4,CALLE,NORTE 3,AVENIDA,NORTE 5,CALLE,NINGUNO,125,,,,,,COLONIA,CIUDAD INDUSTRIAL,,,,38010,11,GUANAJUATO,7,CELAYA,1,Celaya,940,39,14611755939,MEGACONCRETOS@GMAIL.COM,,Fijo,20.55438645,-100.8121489,jul-10
6332737,"MEZCLAS Y FERTILIZANTES, S.A. DE C.V.","MEZCLAS Y FERTILIZANTES, S.A. DE C.V.",325310,Fabricación de fertilizantes,0,51 a 100 personas,AVENIDA,NORTE II,AVENIDA,MÉXICO-JAPÓN,AVENIDA,NORTE II,AVENIDA,TECNOLÓGICO,0,SN,,,0,,COLONIA,CIUDAD INDUSTRIAL,,,,38010,11,GUANAJUATO,7,CELAYA,1,Celaya,940,16,4616116093,CONTABILIDAD@MEZFER.COM,WWW.MEZFER.COM,Fijo,20.55739303,-100.8201272,jul-10
1253478,"PARTNER IN PACK, S.A. DE C.V.","PARTNER IN PACK, S.A. DE C.V.",322210,Fabricación de envases de cartón,0,31 a 50 personas,CALLE,IGNACIO MAYA,PRIVADA,IGNACIO MAYA,CALLE,REYNALDO LECONA,CALLE,PRIVADA REYNALDO LECONA,211,,,,,,COLONIA,EMILIANO ZAPATA,,,,38030,11,GUANAJUATO,7,CELAYA,1,Celaya,1544,53,14611750110,,,Fijo,20.54589808,-100.8002535,dic-14
6469748,"PINTURAS Y PEGAMENTOS DEL CENTRO, S.A. DE C.V.","PINTURAS Y PEGAMENTOS DEL CENTRO, S.A. DE C.V.",325510,Fabricación de pinturas y recubrimientos,0,31 a 50 personas,CALLE,LAUREL,CALLE,SN,CALLE,SN,CALLE,SN,110,A,,,,,PARQUE INDUSTRIAL,EL VERGEL,,,,38110,11,GUANAJUATO,7,CELAYA,7013,Localidad económica,71,800,4616123018,gpe.garcia@pinturaspc.com,,Fijo,20.52280635,-100.8841779,dic-14
6330856,PLASTICOS ALASKA SA DE CV,PLASTICOS ALASKA SA DE CV,326110,Fabricación de bolsas y películas de plástico flexible,0,31 a 50 personas,CARRETERA,CELAYA-SAN MIGUEL DE ALLENDE,PRIVADA,DICIEMBRE,CALLE,ABRIL,AVENIDA,REAL TRES GUERRAS,0,SN,,,0,,COLONIA,10 DE ABRIL,,,,38010,11,GUANAJUATO,7,CELAYA,1,Celaya,758,10,4616115782,ALARA.P@POLIPLASTICOS.COM,,Fijo,20.56473174,-100.8219478,jun-12
6334967,PLASTICOS ALASKA SA DE CV,PLASTICOS ALASKA SA DE CV,326110,Fabricación de bolsas y películas de plástico flexible,0,11 a 30 personas,PRIVADA,AGUSTÍN LARA,CALLE,NINGUNO,CALLE,NINGUNO,CALLE,NINGUNO,49,,,,0,,COLONIA,RANCHO ROGE,,,,38010,11,GUANAJUATO,7,CELAYA,1,Celaya,758,1,4616117060,ALARA.P@POLIPLATICOS.COM,,Fijo,20.55938777,-100.8230725,jun-12
6331351,PRODUCTORA DE PAPEL Y CARTÓN,,322210,Fabricación de envases de cartón,0,51 a 100 personas,CALLE,JOSÉ ROSAS MORENO,CALLE,GENERAL JESÚS GONZÁLEZ ORTEGA,CALLE,JOSÉ ROSAS MORENO,CALLE,2,317,,,,0,,BARRIO,SAN JUAN BAUTISTA,,,,38070,11,GUANAJUATO,7,CELAYA,1,Celaya,211,15,4616126463,,,Fijo,20.51438017,-100.8185759,jul-10
1243347,PRODUCTORA DE PAPEL Y CARTÓN SIN NOMBRE,,322210,Fabricación de envases de cartón,0,51 a 100 personas,CALLE,JOSÉ ROSAS MORENO,CALLE,GENERAL JESÚS GONZÁLEZ ORTEGA,CALLE,10 DE MAYO,CALLE,RIO LERMA,315,,,,,,COLONIA,SAN MIGUEL,,,,38068,11,GUANAJUATO,7,CELAYA,1,Celaya,211,15,4616126463,,,Fijo,20.51451732,-100.8181416,dic-14
1355825,PRODUCTOS DE LIMPIEZA DON PULCRO,,325610,"Fabricación de jabones, limpiadores y dentífricos",0,11 a 30 personas,CALLE,DIVISIÓN DEL NORTE,CALLE,JOSÉ MARÍA PINO SUÁREZ,CALLE,JOSÉ MARÍA LUIS MORA,CALLE,PLAN DE IGUALA,116,,,,,,COLONIA,EL VERGEL,,,,38078,11,GUANAJUATO,7,CELAYA,1,Celaya,1224,12,4616133974,UNO@DONPULCRO.COM,,Fijo,20.5179191,-100.8038072,jul-10
1347120,PRODUCTOS QUÍMICOS DE USO INDUSTRIAL QUÍMICORP,"QUIMICORP, S.A. DE C.V.",325190,Fabricación de otros productos químicos básicos orgánicos,0,11 a 30 personas,CALLE,PONIENTE 2,CALLE,NORTE 9,AVENIDA,NORTE II,CALLE,PONIENTE 4,27,,,,,,COLONIA,CIUDAD INDUSTRIAL,,,,38010,11,GUANAJUATO,7,CELAYA,1,Celaya,940,25,14616119117,QUIMICORP@PRODIGY.NET.MX,WWW.QUIMICORPSACV.COM,Fijo,20.55351479,-100.8179281,jul-10
6332736,"PROVEEDORA FLEXOGRAFICA DEL BAJIO, S.A. DE C.V.","PROVEEDORA FLEXOGRAFICA DEL BAJIO, S.A. DE C.V.",323119,Impresión de formas continuas y otros impresos,0,51 a 100 personas,AVENIDA,NORTE 9,CALLE,NORTE 7,CALLE,NORTE 2,AVENIDA,MÉXICO JAPÓN,21,,,,0,B,COLONIA,CIUDAD INDUSTRIAL,,,,38010,11,GUANAJUATO,7,CELAYA,1,Celaya,940,25,4616118315,,WWW.PROFLEX.COM,Fijo,20.55323395,-100.8143773,jul-10
1253460,"QUÍMICA ALLGER, S.A. DE C.V.","QUÍMICA ALLGER, S.A. DE C.V.",325310,Fabricación de fertilizantes,0,31 a 50 personas,CALLE,ORIENTE 3,CALLE,CAMINO A SAN MIGUEL OCTOPAN,CALLE,SUR 2,AVENIDA,MÉXICO JAPÓN,202,,,,,,CIUDAD,INDUSTRIAL,,,,38010,11,GUANAJUATO,7,CELAYA,1,Celaya,1544,49,4611614741,,,Fijo,20.54900441,-100.7987473,dic-14
6331205,"QUÍMICA LUCAVA, S.A. DE C.V.","QUÍMICA LUCAVA, S.A. DE C.V.",325320,"Fabricación de pesticidas y otros agroquímicos, excepto fertilizantes",0,101 a 250 personas,,,AVENIDA,AEROPUERTO,CALLE,NINGUNO,AVENIDA,FERROCARRIL,0,SN,,,0,,FRACCIÓN,SEGUNDA DE CRESPO,,,,38110,11,GUANAJUATO,7,CELAYA,549,Ninguno [Planta Química],71,0,4611920600,ALEJANDRA-GONZALEZ@QUIMICALUCAVA.COM.MX,,Fijo,20.51583334,-100.8961111,jul-10
6473450,RECICLADORA DE PLÁSTICO DE CELAYA,"RECICLADORA DE PLÁSTICO DE CELAYA, S.A. DE C.V.",326194,Fabricación de otros productos de plástico de uso industrial sin reforzamiento,0,11 a 30 personas,AVENIDA,EL VERGEL,CALLE,SN,CALLE,SN,CALLE,SN,0,SN,,,,,PARQUE INDUSTRIAL,EL VERGEL,PARQUE INDUSTRIAL,EL VERGEL,8,38110,11,GUANAJUATO,7,CELAYA,7013,Localidad económica,71,800,4616111270,,,Fijo,20.52280635,-100.8841779,jul-10
1338734,"ROLL AND PLAST, S. DE R.L. DE C.V.",,326193,Fabricación de envases y contenedores de plástico para embalaje con y sin reforzamiento,0,11 a 30 personas,CALLE,ALDAMA,CALLE,FRANCISCO I. MADERO,CALLE,ÁLVARO OBREGÓN,CALLE,JOSÉ MARÍA MORELOS,215,,,,,,COLONIA,SAN JUAN DE LA VEGA,,,,38100,11,GUANAJUATO,7,CELAYA,161,San Juan de la Vega,52,1,,,,Fijo,20.62714459,-100.7623153,jul-10
6697427,SONOCO,"TEGRANT DE MEXICO, S.A. DE C.V.",326140,Fabricación de espumas y productos de poliestireno,1,101 a 250 personas,PRIVADA,Norte 2,AVENIDA,México-Japón,CALLE,Ninguno,PRIVADA,Ninguno,103,,,,,,COLONIA,Ciudad Industrial,,,,38010,11,GUANAJUATO,7,CELAYA,1,Celaya,1544,8,14612027050,omar.franco@sonoco.com,WWW.SONOCO.COM,Fijo,20.55221102,-100.7993721,ene-16
6330021,"TAPONES INTERNACIONALES, S.A. DE C.V.","TAPONES INTERNACIONALES, S.A. DE C.V.",326193,Fabricación de envases y contenedores de plástico para embalaje con y sin reforzamiento,0,101 a 250 personas,CALLE,ORIENTE 3,CALLE,ÁLVARO OBREGÓN,CALLE,SUR 2,CALLE,ORIENTE 5,101,,,,0,,COLONIA,CIUDAD INDUSTRIAL,,,,38010,11,GUANAJUATO,7,CELAYA,1,Celaya,1544,50,4616119406,LUIS.HERRERA@TAPSA-IFC.COM,,Fijo,20.54932694,-100.8034965,jul-10
1247544,TARIMAS PALLETS LA ESPERANZA GRUPO INDUSTRIAL,"PALLETS LA ESPERANZA, S.A. DE C.V.",321920,Fabricación de productos para embalaje y envases de madera,0,11 a 30 personas,AVENIDA,MÉXICO-JAPÓN,AVENIDA,NORTE 7,CALLE,NORTE 3,PRIVADA,NINGUNO,188,,,,,,COLONIA,CIUDAD INDUSTRIAL,,,,38010,11,GUANAJUATO,7,CELAYA,1,Celaya,940,37,14611682029,CELAYA@GRUPOLAESPERANZA.COM.MX,,Fijo,20.5514726,-100.8093383,dic-14
1253597,"TARIMAS Y EMPAQUES FELGAR, S.A. DE C.V.","TARIMAS Y EMPAQUES FELGAR, S.A. DE C.V.",321920,Fabricación de productos para embalaje y envases de madera,0,11 a 30 personas,CALLE,CIUDAD VICTORIA,PRIVADA,CUARTA PRIV. DE CUIDAD VCTORIA,PRIVADA,PRIMERA DE CIUDAD VICTORIA,CALLE,CUERNAVACA,111,,,,,,COLONIA,SANTA RITA,,,,38035,11,GUANAJUATO,7,CELAYA,1,Celaya,1135,5,4616133203,,,Fijo,20.55050122,-100.7897084,jun-12
6331426,"TEGRANT DE MEXICO, S.A. DE C.V.",TEGRANT DE MEXICO SA DE CV,326140,Fabricación de espumas y productos de poliestireno,1,11 a 30 personas,CALLE,NORTE II,CALLE,NINGUNO,CALLE,NINGUNO,CALLE,NINGUNO,2,,,,0,,COLONIA,CIUDAD INDUSTRIAL,,,,38010,11,GUANAJUATO,7,CELAYA,1,Celaya,940,16,,,,Fijo,20.55278602,-100.820704,dic-14
1347121,TELAPLASTIC,,326199,Fabricación de otros productos de plástico sin reforzamiento,0,31 a 50 personas,AVENIDA,MÉXICO-JAPÓN,AVENIDA,NORTE 7,CALLE,NORTE 3,PRIVADA,NINGUNO,175,,,,,,COLONIA,CIUDAD INDUSTRIAL,,,,38010,11,GUANAJUATO,7,CELAYA,1,Celaya,940,37,4616115645,TELAPLASTIC@GMAIL.COM,,Fijo,20.55162246,-100.8108334,jul-10
1246091,TNI,TECNOLOGÍAS NATURALES INTERNACIONALES,325220,Fabricación de fibras químicas,0,31 a 50 personas,AVENIDA,TECNOLÓGICO,CALLE,PONIENTE 7,AVENIDA,MÉXICO-JAPÓN,AVENIDA,SUR 9,709,,,,,,COLONIA,CIUDAD INDUSTRIAL,,,,38010,11,GUANAJUATO,7,CELAYA,1,Celaya,955,25,4616151228,INFO@BACTIVA.COM,WWW.BACTIVA.COM,Fijo,20.55107907,-100.8223691,dic-14
6204343,"ACABADOS ARELLANO MARTÍNEZ, S.A. DE C.V.","ACABADOS ARELLANO MARTÍNEZ, S.A. DE C.V.",332810,Recubrimientos y terminados metálicos,1,11 a 30 personas,CALLE,ORIENTE 3,,SUR 2,,CAMINO A SAN MIGUEL OCTOPÁN,AVENIDA,MÉXICO-JAPÓN,216,,,,,,CIUDAD,INDUSTRIAL,,,,38010,11,GUANAJUATO,7,CELAYA,1,Celaya,1544,49,4611613867,ACARMAM@YAHOO.COM.MX,,Fijo,20.54868013,-100.7957,jul-10
6329981,ARBOMEX SA DE CV,ARBOMEX SA DE CV,336310,Fabricación de motores de gasolina y sus partes para vehículos automotrices,1,51 a 100 personas,AVENIDA,NORTE 7,PRIVADA,NINGUNO,CALLE,PONIENTE 4,CALLE,NORTE 11,102,,,,0,,COLONIA,CIUDAD INDUSTRIAL,,,,38010,11,GUANAJUATO,7,CELAYA,1,Celaya,940,24,4611755026,AXUGALDE@ARBOMEX.COM,WWW.ARBOMEX.COM.MX,Fijo,20.5556784,-100.8133789,jul-10
1357688,BÁSCULAS PRECICELL,"BÁSCULAS PRECICELL, S.A. DE C.V.",333993,Fabricación de aparatos e instrumentos para pesar,0,11 a 30 personas,CALLE,LAGO DE MAYRAN,CALLE,LAGO DE CHAPULTEPEC,CALLE,LAGO DE YURIRIA,CALLE,LAGO PÁTZCUARO,107,,,,,,COLONIA,LOS LAGOS,,,,38060,11,GUANAJUATO,7,CELAYA,1,Celaya,1012,6,4616153435,,,Fijo,20.51219004,-100.8350624,jul-10
6261202,BOMBAS VERTICALES BNJ SA DE CV,BOMBAS VERTICALES BNJ SA DE CV,333910,Fabricación de bombas y sistemas de bombeo,0,11 a 30 personas,BOULEVARD,ADOLFO LÓPEZ MATEOS,CALLE,ZARAGOZA,AVENIDA,LICENCIADO BENITO JUÁREZ,CALLE,PÍPILA,206,,,,0,,COLONIA,CENTRO,,,,38000,11,GUANAJUATO,7,CELAYA,1,Celaya,226,15,4616121330,BOMBASBNJ@PRODIGY.NET.MX,WWW.BOMBASBNJ.COM.MX,Fijo,20.5195656,-100.8150841,jul-10
6262153,BOMBAS VERTICALES BNJ SA DE CV,BOMBAS VERTICALES BNJ SA DE CV,333910,Fabricación de bombas y sistemas de bombeo,0,11 a 30 personas,AVENIDA,NORTE II,AVENIDA,MÉXICO-JAPÓN,CALLE,NINGUNO,AVENIDA,TECNOLÓGICO,0,SN,,,0,,COLONIA,CIUDAD INDUSTRIAL,,,,38010,11,GUANAJUATO,7,CELAYA,1,Celaya,940,16,4616115960,,,Fijo,20.55588522,-100.8202967,jul-10
1355415,CANCELERÍA MEXICANA DEL CENTRO,"CANCELERÍA MEXICANA DEL CENTRO, S.A. DE C.V.",332320,Fabricación de productos de herrería,0,11 a 30 personas,BOULEVARD,ADOLFO LÓPEZ MATEOS,PRIVADA,CARMELITA,CALLE,TIMOTEO TREJO,CALLE,DIEGO RIVERA,540,,,,,,COLONIA,CENTRO,,,,38000,11,GUANAJUATO,7,CELAYA,1,Celaya,211,11,4616125211,JORGEBAJOCAMPOS@HOTMAIL.COM,,Fijo,20.51981195,-100.8186044,jul-10
6332894,CARROCERÍAS HALCON,"CARROCERÍAS DIVERSAS HALCON, S.A. DE C.V.",336210,Fabricación de carrocerías y remolques,0,51 a 100 personas,CALLE,INDEPENDENCIA,CALLE,NINGUNO,CALLE,BENITO JUÁREZ,CALLE,CHUBASCO,0,SN,,,0,,COLONIA,SEGUNDOA FRACCIÓN DE CRESPO,,,,38110,11,GUANAJUATO,7,CELAYA,154,San Isidro Crespo,870,20,4616110195,VENTAS@CARROCERIASHALCON.COM,WWW.CARROCERIASHALCON.COM,Fijo,20.51774725,-100.8871434,jul-10
6332734,CONSTRUCCIONES ELECTROMECANICAS DIPROZEZA,"CONSTRUCIONES ELECTROMECANICAS DIPROZEZA, S.A. DE C.V.",333920,Fabricación de maquinaria y equipo para levantar y trasladar,0,101 a 250 personas,CALLE,PLAN DE LA NORIA,AVENIDA,TECNOLÓGICO,CALLE,PLAN DE TACUBAYA,CALLE,PLAN DE GUADALUPE,113,,,,0,,COLONIA,CIUDADELA,,,,38017,11,GUANAJUATO,7,CELAYA,1,Celaya,940,3,4616115968,SIERRACAZARES@PRODIGY.NET.MX,WWW.DIPROZEZA.COM,Fijo,20.55372775,-100.8238481,jul-10
1243302,"CONVEYORS IMMSA MÉXICO, S.A. DE C.V.","CONVEYORS IMMSA MÉXICO, S.A. DE C.V.",332710,Maquinado de piezas metálicas para maquinaria y equipo en general,1,11 a 30 personas,CALLE,EMETERIA VALENCIA,CALLE,FLORENCIO ANTILLÓN,CALLE,PÍPILA,CALLE,MARISCAL IGNACIO CAMARGO,124,A,,,,,COLONIA,CENTRO,,,,38000,11,GUANAJUATO,7,CELAYA,1,Celaya,211,19,461223414,,,Fijo,20.5186904,-100.8170279,dic-14
6330019,"CORPORACIÓN MANUFACTURERA AUTOMOTRIZ, S.A. DE C.V.","CORPORACIÓN MANUFACTURERA AUTOMOTRIZ, S.A. DE C.V.",339999,Otras industrias manufactureras,1,51 a 100 personas,CALLE,PONIENTE 4,CALLE,NORTE 5,AVENIDA,NORTE 3,CALLE,PONIENTE 2,0,SN,,,0,,COLONIA,CIUDAD INDUSTRIAL,,,,38010,11,GUANAJUATO,7,CELAYA,1,Celaya,940,39,4616118787,QUEBECCONTABILIDAD@HOTMAIL.COM,,Fijo,20.55405863,-100.8090331,jul-10
6204347,"CORTES DE PRECISIÓN DE MÉXICO, S. DE R.L. DE C.V.","CORTES DE PRECISIÓN DE MÉXICO, S. DE R.L. DE C.V.",332710,Maquinado de piezas metálicas para maquinaria y equipo en general,1,11 a 30 personas,CALLE,ORIENTE 3,CALLE,SUR 2,CALLE,CAMINO A SAN MIGUEL OCTOPAN,CALLE,ORIENTE 5,0,SN,,,,,COLONIA,CIUDAD INDUSTRIAL,,,,38030,11,GUANAJUATO,7,CELAYA,1,Celaya,1544,51,4611614406,,,Fijo,20.54869294,-100.7971697,jul-10
1352936,CROMACEL,"CROMACEL, S.A. DE C.V.",332810,Recubrimientos y terminados metálicos,1,11 a 30 personas,CALLE,NORTE 2,CALLE,ORIENTE 2,AVENIDA,MÉXICO-JAPÓN,CALLE,EJE NORTE-SUR,102,,,,,,CIUDAD INDUSTRIAL,INDUSTRIAL,,,,38001,11,GUANAJUATO,7,CELAYA,1,Celaya,1544,47,4616119039,,,Fijo,20.55121214,-100.7996527,jul-10
1353524,"DISPOSITIVOS Y MÁQUINADOS, S.A. DE C.V.","DISPOSITIVOS Y MÁQUINADOS, S.A. DE C.V.",332710,Maquinado de piezas metálicas para maquinaria y equipo en general,1,11 a 30 personas,CALLE,REYNALDO LECONA,CALLE,GENOVEVO DE LA O,CALLE,IGNACIO MAYA,CALLE,CARLOS M. PERALTA,141,A,,,,,COLONIA,EMILIANO ZAPATA,,,,38030,11,GUANAJUATO,7,CELAYA,1,Celaya,438,38,4616123466,,,Fijo,20.54577057,-100.7970649,jul-10
6708248,"ELECTROPLANTING AND SURFACE ENGINEERING, S.A. DE C.V.","ELECTROPLANTING AND SURFACE ENGINEERING, S.A. DE C.V.",332810,Recubrimientos y terminados metálicos,1,11 a 30 personas,CALLE,FRESNO,AVENIDA,VERGEL,CALLE,INDEPENDENCIA,CALLE,SANTA BARBARA,115,,,,0,,COLONIA,Segunda Fraccion Cresp,,,,3800,11,GUANAJUATO,7,CELAYA,408,Monsanto [Centro de Investigación Agrícola],71,800,14616110171,CONTA@PLANTING.COM.MX,WWW.EPLANTING.COM.MX,Fijo,20.52683049,-100.8860249,ene-16
1252751,EMM,,332310,Fabricación de estructuras metálicas,1,11 a 30 personas,CALLE,MANUEL ÁVILA CAMACHO,CARRETERA,A QUERÉTARO,CALLE,MIGUEL ALEMÁN,CALLE,FRANCISCO I MADERO,114,,,,,,COLONIA,TRES GUERRAS,,,,38080,11,GUANAJUATO,7,CELAYA,1,Celaya,283,8,4611750674,ESTMOME@HOTMAIL.COM,,Fijo,20.51635572,-100.7884799,dic-14
6203690,"EMPRESA DE INSTALACIONES AGROINDUSTRIALES APLITECNO, S.A. DE C.V.","APLITECNO, S.A. DE C.V.",333243,Fabricación de maquinaria y equipo para la industria alimentaria y de las bebidas,0,11 a 30 personas,CARRETERA,CELAYA-SALVATIERRA,PRIVADA,NINGUNO,PRIVADA,NINGUNO,CALLE,NINGUNO,0,SN,,,,,COLONIA,MICHINELAS,,,,38090,11,GUANAJUATO,7,CELAYA,1,Celaya,1671,1,4616184167,,WWW.APLITECNO.COM,Fijo,20.47946601,-100.8085871,dic-14
6261092,"EMPRESAS SUAREZ, S.A. DE C.V.","EMPRESAS SUAREZ, S.A. DE C.V.",333910,Fabricación de bombas y sistemas de bombeo,0,101 a 250 personas,AVENIDA,MÉXICO-JAPÓN,AVENIDA,TECNOLÓGICO,AVENIDA,SUR 9,CALLE,PONIENTE 7,156,,,,0,,COLONIA,CIUDAD INDUSTRIAL,,,,38010,11,GUANAJUATO,7,CELAYA,1,Celaya,955,25,4616116455,JSALGADO@WARSON.COM,WWW.WARSON.COM,Fijo,20.55229239,-100.821493,jul-10
1356897,ENVASES CILÍNDRICOS DEL BAJÍO,,332430,Fabricación de envases metálicos de calibre ligero,1,11 a 30 personas,AVENIDA,LÁZARO CÁRDENAS DEL RÍO,CALLE,VILLAGRÁN,,JUAN PABLO II,CAMINO,CAMINO A JOFRE,783,,,,,,COLONIA,SANTA MARÍA,,,,38090,11,GUANAJUATO,7,CELAYA,1,Celaya,550,14,4616167122,ENVABAJIO@HOTMAIL.COM,,Fijo,20.4972248,-100.8114981,jul-10
1247195,"ESPECIALIDADES MECÁNICAS SANTOYO, S.A. DE C.V.",,332710,Maquinado de piezas metálicas para maquinaria y equipo en general,1,11 a 30 personas,AVENIDA,CAMELINAS,CALLE,LAS PARRAS,PRIVADA,LAS CAMELINAS,CALLE,AMAPOLA,206,,,,,,COLONIA,SAN GABRIEL,,,,38020,11,GUANAJUATO,7,CELAYA,1,Celaya,2171,42,,,,Fijo,20.55616944,-100.8410803,dic-14
1356354,FABRICACIÓN DE MUEBLES SIN NOMBRE,,337120,"Fabricación de muebles, excepto cocinas integrales, muebles modulares de baño y muebles de oficina y estantería",0,11 a 30 personas,CALLE,EJIDO DE LA CRUZ,CALLE,EJIDO CERRO PRIETO,CALLE,EJIDO SAN ELÍAS,CALLE,EJIDO DEL PUESTO,353,,,,,,COLONIA,EJIDAL,,,,38098,11,GUANAJUATO,7,CELAYA,1,Celaya,527,1,4616145180,,,Fijo,20.50828742,-100.8245725,jul-10
1241567,FABRICACIÓN DE MUEBLES SIN NOMBRE,,337120,"Fabricación de muebles, excepto cocinas integrales, muebles modulares de baño y muebles de oficina y estantería",0,11 a 30 personas,CALLE,BERNAL,PRIVADA,SAN FERNANDO,CALLE,MICHOACÁN,CALLE,SINALOA,20,,,,,,CIUDAD INDUSTRIAL,RANCHO SECO,,,,38140,11,GUANAJUATO,7,CELAYA,1,Celaya,565,68,4616164308,,,Fijo,20.49221158,-100.8119369,dic-14
1353344,FABRICACIÓN DE RODILLOS,,332810,Recubrimientos y terminados metálicos,1,11 a 30 personas,CALLE,LA CANO,CALLE,LOS PINOS,PRIVADA,NINGUNO,CALLE,JUANA GUTIÉRREZ,113,,,,,,COLONIA,LAS INSURGENTES,,,,38080,11,GUANAJUATO,7,CELAYA,1,Celaya,1099,3,4616122083,,,Fijo,20.52060167,-100.7916525,jul-10
6332740,FRIOCIMA,"FRIOCIMA, S.A. DE C.V.",333412,Fabricación de equipo de refrigeración industrial y comercial,0,101 a 250 personas,CALLE,PONIENTE 4,CALLE,IRAPUATO,CALLE,AVENIDA AEROPUERTO,CALLE,IRAPUATO,0,SN,,,0,,,SEGUNDA FRACCIÓN DE CRESPO,,,,38110,11,GUANAJUATO,7,CELAYA,1,Celaya,940,39,4616115668,FRIOCIMA@GMAIL.COM,WWW.FRIOCIMA.COM.MX,Fijo,20.55407421,-100.8091812,jul-10
1347106,FUNDICIÓN Y MAQUINADOS SIN NOMBRE,,332710,Maquinado de piezas metálicas para maquinaria y equipo en general,1,11 a 30 personas,CALLE,PONIENTE 2,AVENIDA,NORTE 3,AVENIDA,NORTE 7,CALLE,NINGUNO,0,SN,,,,,COLONIA,CIUDAD INDUSTRIAL,,,,38010,11,GUANAJUATO,7,CELAYA,1,Celaya,940,37,14615983045,EJORGEOLIVARES2006@YAHOO.COM.MX,,Fijo,20.55276687,-100.8121955,jul-10
6479194,GKN DRIVELINE MÉXICO,"GKN DRIVELINE MEXICO, S.A. DE C.V.",336330,Fabricación de partes de sistemas de dirección y de suspensión para vehículos automotrices,1,11 a 30 personas,CALLE,LAUREL,CALLE,SN,CALLE,SN,CALLE,SN,206,,,,,,PARQUE INDUSTRIAL,EL VERGEL,PARQUE INDUSTRIAL,EL VERGEL,SN,38110,11,GUANAJUATO,7,CELAYA,7013,Localidad económica,71,800,1461855334,,,Fijo,20.52280635,-100.8841779,dic-14
1356192,GRUPO GLEN,,332320,Fabricación de productos de herrería,0,11 a 30 personas,AVENIDA,TRES GUERRAS,CALLE,FRANCISCO I. MADERO,CALLE,MANUEL ÁVILA CAMACHO,CALLE,RUÍZ CORTINES,707,,,,,,COLONIA,TRES GUERRAS,,,,38080,11,GUANAJUATO,7,CELAYA,1,Celaya,283,4,4616172299,GRUPO_GLEN@YAHOO.COM.MX,,Fijo,20.51466359,-100.7885345,jul-10
6204346,"GRUPO INDUSTRIAL ST5, S.A. DE C.V.","GRUPO INDUSTRIAL ST5, S.A. DE C.V.",337120,"Fabricación de muebles, excepto cocinas integrales, muebles modulares de baño y muebles de oficina y estantería",0,11 a 30 personas,CALLE,ORIENTE 5,CALLE,CAMINO A SAN MIGUEL OCTOPAN,CALLE,SUR 2,CALLE,ORIENTE 7,101,,,,,,COLONIA,CIUDAD INDUSTRIAL,,,,38030,11,GUANAJUATO,7,CELAYA,1,Celaya,1544,51,4611613535,,,Fijo,20.54787626,-100.798369,jul-10
6484637,GRUPO KASOKU INDUSTRIAL,"GRUPO KASOKU INDUSTRIAL, S.A. DE C.V.",336210,Fabricación de carrocerías y remolques,0,31 a 50 personas,CALLE,LAUREL,CALLE,SN,CALLE,SN,CALLE,SN,0,SN,,,,,PARQUE INDUSTRIAL,EL VERGEL,PARQUE INDUSTRIAL,EL VERGEL,SN,38110,11,GUANAJUATO,7,CELAYA,7013,Localidad económica,71,800,4616111173,guadalupecontreras@grupokasoku.com.mx,WWW.GRUPOKASOKU.COM.MX,Fijo,20.52280635,-100.8841779,dic-14
1357951,HERRERÍA Y PAILERÍA SANMAR,,332320,Fabricación de productos de herrería,0,11 a 30 personas,CALLE,CRISTAL,CALLE,DIAMANTE,CALLE,RUBÍ,CALLE,VICENTE FOX,140,,,,,,COLONIA,IMPERIAL,,,,38020,11,GUANAJUATO,7,CELAYA,1,Celaya,1440,3,4616175579,ARMANDOSANCHEZM@YAHOO.COM.MX,,Fijo,20.5462239,-100.8446479,jul-10
6236563,HONDA CELAYA,CEMEX CONCRETOS SA DE CV,336110,Fabricación de automóviles y camionetas,1,11 a 30 personas,,SUR,,,,,,,6,,,,0,,,RINCON DE TAMAYO,,,,0,11,GUANAJUATO,7,CELAYA,1,Celaya,103,1,,,,Fijo,20.53166469,-100.8231121,dic-14
1253457,"INAUMEX, S.A. DE C.V.","INAUMEX, S.A. DE C.V.",336330,Fabricación de partes de sistemas de dirección y de suspensión para vehículos automotrices,1,31 a 50 personas,AVENIDA,MÉXICO-JAPÓN,CALLE,CAMINO A SAN MIGUEL OCTOPAN,CALLE,SUR 2,CALLE,ORIENTE 3,401,,,,,,CIUDAD,INDUSTRIAL,,,,38010,11,GUANAJUATO,7,CELAYA,1,Celaya,1544,49,4611613002,,,Fijo,20.55000337,-100.7995246,dic-14
6331322,"INDUSTRIA FUNDIDORA EL ROSARIO, S.A. DE C.V.","INDUSTRIA FUNDIDORA EL ROSARIO, S.A. DE C.V.",331520,Moldeo por fundición de piezas metálicas no ferrosas,1,51 a 100 personas,AVENIDA,MÉXICO-JAPÓN,CALLE,NORTE 2,AVENIDA,MÉXICO-JAPÓN,CALLE,ORIENTE 2,310,,,,0,,COLONIA,CIUDAD INDUSTRIAL,,,,38010,11,GUANAJUATO,7,CELAYA,1,Celaya,1544,47,4616119319,FURSA98@PRODIGY.NET.MX,WWW.INFURSA.COM.MX,Fijo,20.55078371,-100.8025732,jul-10
6486885,"INFINISH ACABADOS INDUSTRIALES, S.A. DE C.V.","INFINISH ACABADOS INDUSTRIALES, S.A. DE C.V.",332810,Recubrimientos y terminados metálicos,1,51 a 100 personas,AVENIDA,EL VERGEL,CALLE,SN,CALLE,SN,CALLE,SN,223,B,,,,,PARQUE INDUSTRIAL,EL VERGEL,PARQUE INDUSTRIAL,EL VERGEL,SN,38110,11,GUANAJUATO,7,CELAYA,7013,Localidad económica,71,800,,,,Fijo,20.52280635,-100.8841779,dic-14
1242803,INMACE INSTALACIONES Y MAQUINADO DE CELAYA,,332710,Maquinado de piezas metálicas para maquinaria y equipo en general,1,11 a 30 personas,AVENIDA,LÁZARO CÁRDENAS DEL RÍO,CALLE,EJE VIAL ROMERAL,CALLE,CANAL,CALLE,SITIO DE QUERÉTARO,650,,,,,,COLONIA,VILLAS DEL ROMERAL,,,,38095,11,GUANAJUATO,7,CELAYA,1,Celaya,1525,22,4616164926,,,Fijo,20.503725,-100.8127761,dic-14
6331049,"MANUFACTURERA CONECEL, S.A. DE C.V.","MANUFACTURERA CONECEL, S.A. DE C.V.",335999,Fabricación de otros productos eléctricos,1,101 a 250 personas,PROLONGACIÓN,AVENIDA IRRIGACIÓN,PRIVADA,AVENIDA VILLA JARDÍN,CALLE,AVENIDA VILLA UNIÓN NORTE,CAMINO,A SILVA,530,,,,0,,COLONIA,CUAUHTEMOC,,,,38030,11,GUANAJUATO,7,CELAYA,1,Celaya,2129,2,4616127070,,WWW.CONECEL.COM.MX,Fijo,20.53664039,-100.789308,jul-10
1355941,"MAPREMEC, S.A. DE C.V.","MAPREMEC, S.A. DE C.V.",332710,Maquinado de piezas metálicas para maquinaria y equipo en general,1,11 a 30 personas,CALLE,FRANCISCO I. MADERO,CALLE,MIGUEL ALEMÁN,CARRETERA,A QUERÉTARO,CALLE,MANUEL A. CAMACHO,107,,,,,,COLONIA,TRES GUERRAS,,,,38080,11,GUANAJUATO,7,CELAYA,1,Celaya,283,8,4612213721,MAPREMEC@HOTMAIL.COM,,Fijo,20.51643393,-100.787951,jul-10
1139059,MAQUINADOS DE PRECISIÓN ARIES,"MAQUINADOS DE PRECISIÓN ARIES, S. DE R.L. DE C.V.",332710,Maquinado de piezas metálicas para maquinaria y equipo en general,1,11 a 30 personas,AVENIDA,EL SAUZ,AVENIDA,ORO,CALLE,URANIO,CALLE,ALUMINIO,502,,,,,,COLONIA,ZONA DE ORO II,,,,38020,11,GUANAJUATO,7,CELAYA,1,Celaya,419,30,14616156895,MAQ_IND_ARIES@HOTMAIL.COM,,Fijo,20.53872555,-100.8317304,jun-12
1140725,"MAQUINADOS DE PRECISIÓN DE MÉXICO, S. DE R.L. DE C.V.","MAQUINADOS DE PRECISIÓN DE MEXICO, S. DE R.L. DE C.V.",332610,"Fabricación de alambre, productos de alambre y resortes",1,51 a 100 personas,AVENIDA,MÉXICO-JAPÓN,CALLE,CAMINO A SAN MIGUEL OCTOPÁN,CALLE,SUR 2,CALLE,ORIENTE 3,431,,,,,,CIUDAD,INDUSTRIAL,CIUDAD INDUSTRIAL,CORREDOR INDUSTRIAL,431,38010,11,GUANAJUATO,7,CELAYA,1,Celaya,1544,49,4611613193,MAPREMEX@YAHOO.COM.MX,,Fijo,20.54959688,-100.795362,jun-12
1140720,MAQUINADOS DEL BAJIO,,332710,Maquinado de piezas metálicas para maquinaria y equipo en general,1,11 a 30 personas,CALLE,LA CANO,CALLE,LOS PINOS,PRIVADA,NINGUNO,CALLE,MARÍA PONCIANA LIMA,102,,,,,,COLONIA,LAS INSURGENTES,,,,38080,11,GUANAJUATO,7,CELAYA,1,Celaya,1099,3,14616172465,,,Fijo,20.52032143,-100.7916876,jul-10
1241766,MAQUITEC,,332710,Maquinado de piezas metálicas para maquinaria y equipo en general,1,11 a 30 personas,AVENIDA,LÁZARO CÁRDENAS DEL RÍO,AVENIDA,CONSTITUYENTES,CALLE,CANAL,CALLE,SITIO DE QUERÉTARO,242,,,,,,COLONIA,FLORESTA DEL SUR,,,,38090,11,GUANAJUATO,7,CELAYA,1,Celaya,1525,23,4614222327,TELLEZSOLEDAD.GTSMAQUITEC.GUIL@GMAIL.COM,,Fijo,20.50790323,-100.813868,dic-14
1244473,MC HILADORA TEXTILES DEL BAJÍO,"MC HILADORA TEXTILES DEL BAJÍO, S.A. DE C.V.",336360,Fabricación de asientos y accesorios interiores para vehículos automotores,1,11 a 30 personas,CALLE,MELITÓN BALDERAS,PRIVADA,M. BALDERAS,CALLE,16 DE SEPTIEMBRE,CALLE,TAMPICO,119,,,,,,COLONIA,EL ZAPOTE,,,,38057,11,GUANAJUATO,7,CELAYA,1,Celaya,122,9,4616167927,HERMI.RAMIREZ@AUTOCAP.MX,WWW.AUTOCAP.COM.MX,Fijo,20.52547423,-100.802657,dic-14
6204283,MOLDES PARA PASTELERÍA Y GELATINA MOLDEAR ODISEA,"MOLDE ART, S.A. DE C.V.",333510,Fabricación de maquinaria y equipo para la industria metalmecánica,1,11 a 30 personas,CALLE,PONIENTE 2,,NORTE 9,,NORTE 11,CALLE,PONIENTE 4,0,SN,,,,,COLONIA,CIUDAD INDUSTRIAL,,,,38010,11,GUANAJUATO,7,CELAYA,1,Celaya,940,25,14616115990,CONTACTO@ODISEAMOLDES.COM,WWW.ODISEAMOLDES.COM,Fijo,20.55367751,-100.8195008,jul-10
6331352,"MONTELLANO ESTRUCTURAS Y CONSTRUCCIONES, S.A. DE C.V.","MONTELLANO ESTRUCTURAS Y CONSTRUCCIONES, S.A. DE C.V.",332310,Fabricación de estructuras metálicas,1,51 a 100 personas,CALLE,GERANIO,CALLE,CLAVEL,CALLE,FRESNO,CALLE,ROSA,47,,,,0,,COLONIA,VALLE HERMOSO,,,,38010,11,GUANAJUATO,7,CELAYA,1,Celaya,1277,20,4616117275,VEROQUINTA@GMAIL.COM,WWW.MONTELLANOESTRUCTURAS.COM,Fijo,20.54141027,-100.8250059,jul-10
1356748,"MUEBLES GRUPO MORALES E HIJOS, S.A. DE C.V.",,337210,Fabricación de muebles de oficina y estantería,0,11 a 30 personas,PRIVADA,SEGUNDA DE GUERRERO,PRIVADA,TERCERA DE GUERRERO,AVENIDA,LÁZARO CÁRDENAS DEL RÍO,PRIVADA,TERCERA DE GUERRERO,31,,,,,,COLONIA,RANCHO SECO,,,,38140,11,GUANAJUATO,7,CELAYA,1,Celaya,565,2,4616096295,,,Fijo,20.48820787,-100.8068973,jul-10
6329983,"NASSA JOHNSTON, S.A. DE C.V.","NASSA JOHNSTON, S.A. DE C.V.",333910,Fabricación de bombas y sistemas de bombeo,0,51 a 100 personas,CALLE,PONIENTE 2,CALLE,NORTE 9,CALLE,NORTE 11,CALLE,PONIENTE 4,110,,,,0,,COLONIA,CIUDAD INDUSTRIAL,,,,38010,11,GUANAJUATO,7,CELAYA,1,Celaya,940,25,4616115466,SCORDERO@RUHRPUMPEN.COM,WWW.RUHRPUMPEN.COM,Fijo,20.55345921,-100.8173909,jul-10
1353713,PERFILES Y TABLEROS,,332999,Fabricación de otros productos metálicos,1,11 a 30 personas,CALLE,PLAN DE AYALA,CALLE,JESÚS NAVARRO,CALLE,GILDARDO MAGAÑA,CALLE,EUFEMIO ZAPATA,222,,,,,,COLONIA,EMILIANO ZAPATA,,,,38030,11,GUANAJUATO,7,CELAYA,1,Celaya,438,24,4616135171,,,Fijo,20.53945607,-100.8014684,jul-10
6330119,"PISTONES MORESA, S.A. DE C.V.","PISTONES MORESA, S.A. DE C.V.",336310,Fabricación de motores de gasolina y sus partes para vehículos automotrices,1,101 a 250 personas,CARRETERA,PANAMERICANA TRAMO SALAMANCA-CELAYA,,NINGUNO,,NINGUNO,CALLE,NINGUNO,0,KILÓMETRO 284,,,0,,COLONIA,SEGUNDA FRACCION DE CRESPO,CORREDOR INDUSTRIAL,CELAYA - CORTAZAR,SN,38110,11,GUANAJUATO,7,CELAYA,7009,Localidad económica,71,800,4616183321,MARIA.MORENO@KUOAFMKT.COM,,Fijo,20.51382164,-100.8935847,jul-10
6380306,POSCO MPPC  S.A. DE C.V.,POSCO MPPC  SA DE CV,332999,Fabricación de otros productos metálicos,1,31 a 50 personas,CARRETERA,CARRETERA LIBRE TRAMO CELAYA- VILLA KILÓMETRO 45,CALLE,NINGUNO,CALLE,NINGUNO,CALLE,NINGUNO,0,SN,,,0,,PARQUE INDUSTRIAL,EL VERGEL,,,,38110,11,GUANAJUATO,7,CELAYA,7013,Localidad económica,71,800,4614716010,DANIEL.DAMIAN@POSCOMPPC.COM.MX,HTTP://WWW.POSCOMPPC.COM.MX/,Fijo,20.52280635,-100.8841779,dic-14
1245459,"PRODUCTOS PLÁSTICOS DE CELAYA, S.A. DE C.V.","PRODUCTOS PLÁSTICOS DE CELAYA, S.A. DE C.V.",339930,Fabricación de juguetes,0,31 a 50 personas,CALLE,BAJA CALIFORNIA,CALLE,SINALOA,CALLE,CAMINO A JOFRE,CALLE,MELCHOR ORTEGA,203,,,,,,COLONIA,RANCHO SECO,,,,38140,11,GUANAJUATO,7,CELAYA,1,Celaya,550,34,4616164449,,,Fijo,20.49439856,-100.8134012,dic-14
1253472,PROYECTOS INTEGRALES DE SISTEMAS ELÉCTRICOS MANTENIMIENTO,,337210,Fabricación de muebles de oficina y estantería,0,11 a 30 personas,CALLE,ORIENTE 7,CALLE,CAMINO A SAN MIGUEL OCTOPAN,CALLE,PRIVADA REYNALDO LECONA,CALLE,REYNALDO LECONA,116,,,,,,COLONIA,EMILIANO ZAPATA,,,,38030,11,GUANAJUATO,7,CELAYA,1,Celaya,1544,52,4611216627,,,Fijo,20.54652795,-100.7968132,dic-14
6429495,"RADAR STAMPING TECHNOLOGIES, S. DE R.L. DE C.V.","RADAR STAMPING TECHNOLOGIES, S. DE R.L. DE C.V.",336370,Fabricación de piezas metálicas troqueladas para vehículos automotrices,1,101 a 250 personas,CARRETERA,NINGUNO,,,,,,,0,SN,,,,,FRACCIONAMIENTO,INDUSTRIAL FERROPUERTO,,NDUSTRIAL FERROPUERTO,,38150,11,GUANAJUATO,7,CELAYA,7911,Localidad económica,032A,800,,RAMIREZ@RADARIND.COM,,Fijo,20.42210324,-100.78523,dic-14
1248453,RESORTES Y FORMAS DE ALAMBRE SIN NOMBRE,,332710,Maquinado de piezas metálicas para maquinaria y equipo en general,1,11 a 30 personas,AVENIDA,A LA PALMITA,CALLE,FRANCISCO I. MADERO,AVENIDA,ÁLVARO OBREGÓN,CALLE,IGNACIO ALLENDE,0,SN,,,,,COLONIA,SEGUNDA FRACCIÓN DE CRESPO,,,,38110,11,GUANAJUATO,7,CELAYA,154,San Isidro Crespo,885,3,4616151824,LUCIOFRANK@GMAIL.COM,,Fijo,20.51342748,-100.8802104,dic-14
6332809,"RPK MEXICO, S.A. DE C.V.","RPK MEXICO, S.A. DE C.V.",332610,"Fabricación de alambre, productos de alambre y resortes",1,101 a 250 personas,CALLE,ORIENTE 5,CALLE,CAMINO A SAN MIGUEL OCTOPAN,CALLE,SUR 2,CALLE,ORIENTE 3,132,,,,0,,COLONIA,CIUDAD INDUSTRIAL,,,,38010,11,GUANAJUATO,7,CELAYA,1,Celaya,1544,51,4616187600,ADMIN@RPK.COM.MX,WWW.RPK.COM,Fijo,20.54757772,-100.7956037,jul-10
1347001,SALES AND SERVICE FOR CNC MACHINES,,333510,Fabricación de maquinaria y equipo para la industria metalmecánica,1,11 a 30 personas,CARRETERA,CELAYA-SAN MIGUEL DE ALLENDE,PRIVADA,DICIEMBRE,CALLE,ABRIL,AVENIDA,REAL TRES GUERRAS,1126,,,,,,COLONIA,2 DE ABRIL,,,,38010,11,GUANAJUATO,7,CELAYA,1,Celaya,758,10,4611570056,,,Fijo,20.56328701,-100.8218548,jul-10
6333305,SEMIC SA DE CV,SEMIC SA DE CV,333920,Fabricación de maquinaria y equipo para levantar y trasladar,0,31 a 50 personas,CARRETERA,FEDERAL LIBRE 51 TRAMO CELAYA-SALVATIERRA KILÓMETRO 10500,TERRACERÍA,NINGUNO,TERRACERÍA,RIO PAPALOAPAN,TERRACERÍA,NINGUNO,0,SN,,,0,,COLONIA,NINGUNO,,,,38150,11,GUANAJUATO,7,CELAYA,180,El Sauz (El Sauz de Villaseñor),032A,800,4611658015,SEMICCYA@SEMIC.COM.MX,,Fijo,20.41055556,-100.7966667,jul-10
6726158,"SPEQTRUM AEROSPACE, S. DE R.L. DE C.V.","SPEQTRUM AEROSPACE, S. DE R.L. DE C.V.",336410,Fabricación de equipo aeroespacial,0,11 a 30 personas,AVENIDA,México-Japón,CALLE,Camino a San Miguel Octopan,CALLE,Norte 2,CARRETERA,Salamanca-Querétaro,412,,,,0,,COLONIA,Ciudad Industrial,PARQUE INDUSTRIAL,NOVOPARK,51,38010,11,GUANAJUATO,7,CELAYA,1,Celaya,1544,8,14611745990,MPEREZ@SPEQTRUM-AERO.COM,WWW.SPEQTRUMAEROESPACE.COM,Fijo,20.55011146,-100.7961479,ene-16
1249071,"SUMINISTRO Y MANTENIMIENTO AVIPECUARIO, S.A. DE C.V.","SUMINISTRO Y MANTENIMIENTO AVIPECUARIO, S.A. DE C.V.",332320,Fabricación de productos de herrería,0,11 a 30 personas,CALLE,NINGUNO,CAMINO,NINGUNO,CAMINO,NINGUNO,CALLE,NINGUNO,0,SN,,,,,,RINCÓN DE TAMAYO,,,,38150,11,GUANAJUATO,7,CELAYA,143,Rincón de Tamayo,210A,1,,,,Fijo,20.42554558,-100.7711395,dic-14
1355977,TALLER DE MANTENIMIENTO SIN NOMBRE,,333243,Fabricación de maquinaria y equipo para la industria alimentaria y de las bebidas,0,11 a 30 personas,AVENIDA,TRES GUERRAS,CALLE,FRANCISCO I. MADERO,CALLE,PORFIRIO DÍAZ,CALLE,MIGUEL ALEMÁN,804,,,,,,COLONIA,TRES GUERRAS,,,,38080,11,GUANAJUATO,7,CELAYA,1,Celaya,283,2,4616792076,ALAN.QR@GMAIL.COM,WWW.KIN-ROD.COM,Fijo,20.51475998,-100.7882245,jul-10
1348962,TALLER DE TORNO MALDONADO,,332710,Maquinado de piezas metálicas para maquinaria y equipo en general,1,11 a 30 personas,CALLE,NARCISO MENDOZA,CALLE,GUADALUPE,CALLE,ÁLVARO OBREGÓN,CALLE,CUAUTLA,107,,,,,,COLONIA,CENTRO,,,,38000,11,GUANAJUATO,7,CELAYA,1,Celaya,156,19,4616121806,SALVADOR_MALDONADO2003@YAHOO.COM.MX,,Fijo,20.52635547,-100.8128608,jul-10
1246420,"TALLER DE TORNO MARCIT, S. DE R.L. DE C.V.",,332710,Maquinado de piezas metálicas para maquinaria y equipo en general,1,11 a 30 personas,CALLE,AZALEA,CALLE,CLAVEL,CALLE,MARGARITA,AVENIDA,TECNOLOGICO,43,,,,,,COLONIA,VALLE HERMOSO,,,,38010,11,GUANAJUATO,7,CELAYA,1,Celaya,1277,22,4611379720,HDP_1@HOTMAIL.COM,,Fijo,20.54028886,-100.821073,dic-14
1353449,TALLER HERRERÍA HERSA,,332320,Fabricación de productos de herrería,0,11 a 30 personas,CALLE,LOS DOS RÍOS,CALLE,PILA SECA,CALLE,EL DIEZMO,CALLE,LA VICTORIA,202,,,,,,COLONIA,VILLA DE CELAYA,,,,38080,11,GUANAJUATO,7,CELAYA,1,Celaya,796,30,4611593991,HERSACELAYA@HOTMAIL.COM,,Fijo,20.5294202,-100.7925465,jul-10
6205521,TALLER MUNICIPAL DE SEÑALIZACIÓN VIAL,PRESIDENCIA MUNICIPAL,339950,Fabricación de anuncios y señalamientos,0,11 a 30 personas,PROLONGACIÓN,PINO SUÁREZ,PRIVADA,NINGUNO,CALLE,NINGUNO,CALLE,SEGUNDA DE PINO SUÁREZ,118,,,,,,COLONIA,EL VERGEL,,,,38070,11,GUANAJUATO,7,CELAYA,1,Celaya,1224,43,,,,Fijo,20.51563574,-100.8030892,jul-10
1356273,TEPSA,,335312,Fabricación de equipo y aparatos de distribución de energía eléctrica,0,11 a 30 personas,CALLE,CERRO DE LA VILLA,CALLE,CERRO DE JUAN MARTÍN,CALLE,LOS AGUSTINOS,CALLE,CERRO DE CULIACÁN,0,SN,,,,,COLONIA,JACARANDAS,,,,38090,11,GUANAJUATO,7,CELAYA,1,Celaya,531,16,4616128660,,,Fijo,20.51032766,-100.8205486,jul-10
1242337,TRANS MECÁNICA,"TRANS MECÁNICA, S.A. DE C.V.",332710,Maquinado de piezas metálicas para maquinaria y equipo en general,1,11 a 30 personas,CALLE,MONTE EVEREST,CALLE,LAGO SANTA RITA,CALLE,MONTE EVEREST,CALLE,MONTE EVEREST,0,SN,,,,,COLONIA,LAGOS,,,,38060,11,GUANAJUATO,7,CELAYA,1,Celaya,1012,20,4616143650,,,Fijo,20.51440906,-100.8313164,dic-14
6470601,"TRANSMECÁNICA EVEREST, S.A. DE C.V.","TRANSMECÁNICA EVEREST, S.A. DE C.V.",332710,Maquinado de piezas metálicas para maquinaria y equipo en general,1,31 a 50 personas,CALLE,LAUREL,CALLE,SN,CALLE,SN,CALLE,SN,204,,,,,,PARQUE INDUSTRIAL,EL VERGEL,PARQUE INDUSTRIAL,EL VERGEL,204,38110,11,GUANAJUATO,7,CELAYA,7013,Localidad económica,71,800,4616110986,,,Fijo,20.52280635,-100.8841779,dic-14
6332741,TRATAMIENTO TERMICO DE METALES GRUPO ETSA,"DETROIT INDUSTRIA TERMICA, S.A. DE C.V.",332810,Recubrimientos y terminados metálicos,1,51 a 100 personas,CALLE,PONIENTE 4,CALLE,NORTE 3,AVENIDA,NORTE 5,CALLE,PONIENTE 2,139,,,,0,,COLONIA,CIUDAD INDUSTRIAL,CIUDAD INDUSTRIAL,SIN NOMBRE,139,38010,11,GUANAJUATO,7,CELAYA,1,Celaya,940,39,14616118818,DETROIT@ESPECIALIDADESTERMICAS.COM,WWW.ESPECIALIDADESTERMICAS.COM,Fijo,20.55400678,-100.8085805,jul-10
6330619,"TUBOS ROM, S.A.","TUBOS ROM, S.A.",331210,Fabricación de tubos y postes de hierro y acero,0,11 a 30 personas,CALLE,TORRES LANDA,CALLE,NINGUNO,CALLE,ARIES,,RÍO LAJA,10,,,,0,,COLONIA,LAS DELICIAS,,,,38080,11,GUANAJUATO,7,CELAYA,1,Celaya,071A,31,4616126561,ADRIANA.TUBOSROM@PRODIGY.NET.MX,WWW.TUBOSROM.COM,Fijo,20.51623341,-100.7762619,jul-10
1246579,"UNIFICADOR DE SERVICIOS INDUSTRIALES VILLA, S.A. DE C.V.","UNIFICADOR DE SERVICIOS INDUSTRIALES VILLA, S.A. DE C.V.",333920,Fabricación de maquinaria y equipo para levantar y trasladar,0,11 a 30 personas,AVENIDA,EL SAUZ,CALLE,URUGUAY,AVENIDA,MÉXICO,CALLE,VENEZUELA,1225,,,,,,COLONIA,LATINOAMERICANA,,,,38022,11,GUANAJUATO,7,CELAYA,1,Celaya,1258,17,4616090958,,,Fijo,20.54273472,-100.8369447,dic-14
6203972,VELADORAS SANTA RITA,,339994,Fabricación de velas y veladoras,0,11 a 30 personas,CALLE,SUR 2,CALLE,ORIENTE 5,CALLE,ORIENTE 3,CALLE,ÁLVARO OBREGÓN,0,SN,,,,,COLONIA,CIUDAD INDUSTRIAL,,,,38030,11,GUANAJUATO,7,CELAYA,1,Celaya,1544,50,4616113702,,,Fijo,20.5487937,-100.7999236,dic-14
1356151,VENTA DE ARTÍCULOS DE LABORATORIO BIOTECNICA DEL BAJIO,"BIOTÉCNICA DEL BAJIO, S.A. DE C.V.",333999,Fabricación de otra maquinaria y equipo para la industria en general,0,11 a 30 personas,CALLE,PRIMERA DE MEZQUITE,CALLE,GRANJENO,CALLE,PATOL,CALLE,PATOL,320,,,,,,COLONIA,DEL BOSQUE,,,,38085,11,GUANAJUATO,7,CELAYA,1,Celaya,989,4,4616138462,,,Fijo,20.50892272,-100.7950983,jul-10
1347080,"VICA MANUFACTURAS METÁLICAS HIDRÁULICAS Y CONSTRUCCIONES, S.A. DE C.V.","VICA MANUFACTURAS METÁLICAS HIDRÁULICAS Y CONSTRUCCIONES, S.A. DE C.V.",332310,Fabricación de estructuras metálicas,1,11 a 30 personas,CALLE,PLAN DE CUERNAVACA,CALLE,PLAN DE HOSPICIO,PRIVADA,JUVENTINO ROSAS,CALLE,PLAN DEL CARMEN,145,,,,,,COLONIA,LÁZARO CÁRDENAS,,,,38017,11,GUANAJUATO,7,CELAYA,1,Celaya,940,18,4611570010,ADMINISTRACION@VICAMANUFACTURAS.COM.MX,WWW.VICAMANUFACTURAS.COM.MX,Fijo,20.55611005,-100.8241935,jul-10
